ë‚ ì§œ,trend0,trend1,trend2,trend3,trend4,trend5,trend6,trend7,trend8
2018-12-29,2.52251,1.84485,4.1977,2.5364299999999997,21.48432,19.40621,20.28461,47.28481,8.3069
2018-12-30,2.40044,2.01839,4.1578800000000005,2.79415,23.05358,23.03152,22.69505,50.23718,8.80884
2018-12-31,2.64748,1.8396700000000001,3.4177400000000002,2.58435,22.12278,18.0631,20.35632,44.80129,8.22002
2019-01-01,2.60733,2.2032700000000003,3.93415,2.62514,22.96257,21.55051,24.63664,44.78198,9.30113
2019-01-02,3.24905,2.47459,4.11935,2.93758,23.57759,22.28963,24.887610000000002,48.40729,8.608889999999999
2019-01-03,3.14998,2.27935,3.6175,2.87509,21.28988,21.24024,23.86855,47.50131,7.960780000000001
2019-01-04,3.06029,2.25572,3.0486400000000002,2.79188,20.36046,20.41699,22.62334,49.66215,7.90148
2019-01-05,2.83786,2.24018,2.93532,3.17329,22.35858,22.29929,23.83959,51.89608,8.25726
2019-01-06,2.92981,2.40239,3.08522,3.05511,24.23674,25.72878,26.3176,57.679469999999995,8.6737
2019-01-07,3.75284,2.70285,3.41126,3.61556,25.040670000000002,25.03792,25.25855,56.5956,8.363439999999999
2019-01-08,3.99599,2.6151,3.3737,3.26686,23.63826,23.17079,24.30844,55.78063,8.26415
2019-01-09,4.11417,2.51862,3.20761,2.8485400000000003,21.84147,22.388920000000002,25.23511,52.905480000000004,8.04765
2019-01-10,4.49136,2.49498,2.70123,3.07939,21.73253,21.75873,24.03954,51.1735,7.614660000000001
2019-01-11,4.43891,2.28421,2.38523,3.45724,20.63349,20.63073,21.84698,51.43826,7.34162
2019-01-12,4.07532,2.27547,2.1844900000000003,4.97994,22.55026,22.87983,24.30293,54.83741,7.91665
2019-01-13,4.2194,2.73976,2.4121,11.30353,24.886229999999998,26.168670000000002,45.030190000000005,59.559,8.69715
2019-01-14,5.27263,2.85664,2.34022,51.55103,25.230970000000003,25.49849,25.37163,55.594469999999994,8.30828
2019-01-15,5.32216,2.78249,2.2978099999999997,81.23706,22.98188,24.21467,25.413,53.224019999999996,8.33034
2019-01-16,5.48114,2.69216,2.472,16.45443,23.027379999999997,23.91544,24.89175,52.25737,8.09178
2019-01-17,5.55852,2.59924,2.27676,8.57478,21.27885,22.50062,22.76814,50.41093,7.57742
2019-01-18,5.2159699999999996,2.34605,2.0035,7.142739999999999,20.254279999999998,20.854129999999998,21.53258,48.77547,7.06721
2019-01-19,4.78244,2.49369,1.95817,9.42371,22.74607,23.4783,23.565179999999998,51.588570000000004,7.81047
2019-01-20,5.542330000000001,2.78444,2.46325,8.806280000000001,25.50677,27.531090000000003,25.7798,57.14029,8.37723
2019-01-21,7.39819,2.91718,2.43023,6.726369999999999,24.345670000000002,26.3631,24.73179,54.46371,8.31793
2019-01-22,7.69865,2.93499,2.1974400000000003,6.649960000000001,23.57207,24.61733,25.0586,54.616780000000006,8.111080000000001
2019-01-23,7.692830000000001,2.7744,1.9850400000000001,6.9135100000000005,22.10623,23.17493,24.60354,50.68672,7.6643
2019-01-24,8.15064,2.6899,1.7936900000000002,5.06541,21.71322,22.19035,23.809260000000002,49.90898,7.54709
2019-01-25,7.9385699999999995,2.50696,1.7224599999999999,4.285769999999999,20.063979999999997,20.45561,21.80837,48.21423,7.36782
2019-01-26,7.23469,2.51085,1.94878,4.24659,21.75046,23.158379999999998,22.51716,52.01467,7.45332
2019-01-27,7.97775,2.86635,2.09448,4.9854400000000005,24.45599,27.777929999999998,26.131439999999998,58.31241,8.32207
2019-01-28,12.30367,2.99748,2.07667,5.52614,24.37601,25.269579999999998,25.738429999999997,56.80934,8.22278
2019-01-29,11.02315,2.68795,1.89342,4.45251,21.65393,22.24551,24.548379999999998,51.68234,7.58018
2019-01-30,10.15997,2.60086,1.6535,4.033869999999999,20.34529,21.516029999999997,22.56267,52.73587,6.9679199999999994
2019-01-31,9.8893,2.40983,1.61562,3.48314,20.0957,20.14396,22.115879999999997,53.531530000000004,6.77486
2019-02-01,9.68046,2.02972,1.56738,2.96769,19.45034,17.83832,21.65669,51.134890000000006,6.39151
2019-02-02,8.02923,2.167,1.47769,3.0972,20.78104,19.95918,22.00281,56.5363,5.99161
2019-02-03,6.55088,2.3159400000000003,1.4097,3.23901,22.19035,20.87619,24.40083,62.792680000000004,6.650760000000001
2019-02-04,5.56499,2.2848599999999997,1.3426799999999999,3.46015,23.16114,18.34441,24.32637,57.02446,5.72547
2019-02-05,4.42985,2.42375,1.40549,4.03841,24.30844,18.76223,27.64555,63.54146,6.59974
2019-02-06,4.78859,3.05997,1.6017,4.99289,28.66184,25.10962,31.1564,71.89801,8.00215
2019-02-07,4.5227699999999995,3.4297199999999997,1.7810700000000002,5.42804,28.76527,27.219440000000002,30.98265,73.00118,7.76496
2019-02-08,3.8719900000000003,3.2212099999999997,1.7457799999999999,3.8807300000000002,25.1441,23.92371,27.98753,66.6138,7.8739
2019-02-09,3.15742,3.3808300000000004,1.85683,3.7023300000000003,25.63501,26.72302,27.7338,67.10746999999999,7.815989999999999
2019-02-10,3.1176,3.69715,1.9882799999999998,3.9361,26.88022,29.74158,28.814909999999998,72.41926,8.68336
2019-02-11,3.7088099999999997,3.70848,1.93777,4.2449699999999995,27.154629999999997,26.714740000000003,28.962459999999997,64.95628,7.7429
2019-02-12,3.5080699999999996,3.4054300000000004,1.7933700000000001,4.31038,24.22295,24.29465,27.09396,61.205490000000005,7.72359
2019-02-13,3.51519,3.21214,1.70725,4.3926099999999995,22.95843,25.21856,25.73154,59.05016,7.51813
2019-02-14,3.44331,3.05317,1.57903,3.6320699999999997,21.995910000000002,25.062739999999998,33.90882,58.426869999999994,7.183039999999999
2019-02-15,2.90682,2.9560400000000002,1.49679,3.56699,21.066489999999998,24.72627,25.80324,56.420469999999995,7.66016
2019-02-16,2.49855,3.07583,1.61271,3.3639900000000003,23.36799,25.58537,27.062240000000003,58.74265,7.4478
2019-02-17,2.53481,3.6573300000000004,1.74383,4.05039,25.86668,29.6023,29.94015,66.17253000000001,8.42549
2019-02-18,3.07907,3.70784,1.97177,4.18929,25.41713,27.128429999999998,29.134829999999997,62.55826,7.6381
2019-02-19,3.10983,3.52944,1.6829599999999998,3.97042,24.55114,26.685779999999998,28.125429999999998,61.026219999999995,8.25312
2019-02-20,3.1917400000000002,3.33129,1.4955,4.67818,23.4521,24.51115,26.254170000000002,60.5229,7.5374300000000005
2019-02-21,3.0114,3.2416,1.3889799999999999,6.01569,22.85639,22.85087,26.41964,58.52478000000001,7.400919999999999
2019-02-22,2.8851299999999998,3.30701,1.25558,7.62807,21.94489,22.69643,23.89751,56.663169999999994,7.27681
2019-02-23,2.44804,3.55145,1.19212,6.51883,23.674120000000002,24.51667,24.69731,59.52177,7.27543
2019-02-24,2.5030799999999997,3.98855,1.20605,7.34121,27.10085,28.63702,28.28401,66.66344000000001,7.94285
2019-02-25,3.04022,4.32236,1.22385,8.62691,26.00871,27.098090000000003,28.190240000000003,61.117230000000006,7.76496
2019-02-26,2.9485900000000003,3.9182900000000003,1.10471,6.21254,23.57207,24.416,26.32449,57.581559999999996,7.187180000000001
2019-02-27,2.8831900000000004,3.7091300000000005,1.02862,5.9166099999999995,23.03014,23.60793,25.13169,54.5961,7.187180000000001
2019-02-28,2.77505,3.25326,0.8557299999999999,6.986680000000001,20.81,21.44295,22.45925,51.900209999999994,7.16787
2019-03-01,2.30817,3.80821,0.9123899999999999,14.976729999999998,24.19399,23.90716,24.359460000000002,63.717969999999994,7.76358
2019-03-02,2.5160299999999998,4.3638,0.87871,19.58304,25.37438,26.41137,24.32637,62.44794,8.02145
2019-03-03,2.56395,4.57555,0.9787600000000001,23.992820000000002,26.60029,27.07327,26.21142,65.24311,8.46272
2019-03-04,2.82815,4.62735,0.9072100000000001,50.07268,24.67938,22.18621,25.24062,55.2056,7.50985
2019-03-05,2.93855,4.6076,0.8285299999999999,100.0,23.30593,21.40847,27.790340000000004,52.48903000000001,8.61717
2019-03-06,2.90618,4.41334,0.78352,81.28952,22.306179999999998,20.43492,23.205270000000002,52.04638,8.34275
2019-03-07,2.99586,4.3842,0.7696,52.638580000000005,22.08693,20.00744,21.46639,53.02959,7.67395
2019-03-08,2.77731,3.81371,0.69319,23.6875,20.794829999999997,19.29176,20.92308,52.031209999999994,7.0423800000000005
2019-03-09,2.4843,4.22717,0.72848,18.7503,22.56405,21.12303,23.53484,56.78728,7.73738
2019-03-10,2.57269,4.93234,0.84957,20.133129999999998,26.11489,26.92434,26.45825,65.56579,8.71645
2019-03-11,3.02338,4.627669999999999,0.8748299999999999,17.242810000000002,23.948529999999998,23.73893,22.47717,54.106559999999995,7.567769999999999
2019-03-12,3.00136,4.00376,1.01016,14.69408,21.89939,20.63901,21.106479999999998,50.71154,7.26302
2019-03-13,2.92657,3.8435,1.08204,12.78479,20.85689,20.76725,20.47905,49.77936,7.18993
2019-03-14,2.9201,3.62204,0.89943,9.11257,19.96194,19.83783,20.01434,52.35389,6.650760000000001
2019-03-15,2.84077,3.4145,0.8032699999999999,8.20115,19.158,18.54849,19.56617,51.384479999999996,6.870010000000001
2019-03-16,2.54031,3.75219,0.8589600000000001,7.16993,22.18069,21.584979999999998,20.98651,56.3598,7.45332
2019-03-17,2.50988,4.25177,0.8414799999999999,7.914289999999999,23.938879999999997,25.37714,22.87294,62.219030000000004,8.14418
2019-03-18,3.0305,4.26958,0.93473,7.636489999999999,23.80098,23.79685,21.22093,55.663419999999995,7.24096
2019-03-19,3.0253200000000002,4.23882,0.75147,7.29426,22.69229,21.56154,20.05019,55.51586999999999,7.38575
2019-03-20,3.05641,4.0873,0.73658,9.5121,21.77528,20.841720000000002,19.64477,54.524390000000004,8.00628
2019-03-21,2.95086,3.86389,0.76636,6.99898,20.99754,20.30116,19.78956,52.75516999999999,7.388510000000001
2019-03-22,2.7948,3.6009900000000004,0.87774,5.84085,19.91505,18.91668,18.29476,54.19344,7.0134300000000005
2019-03-23,2.46196,3.67481,0.8256100000000001,5.76347,21.60291,20.10949,18.9608,56.29498,7.538810000000001
2019-03-24,2.4438299999999997,4.2666699999999995,0.84795,5.966469999999999,23.60655,24.165029999999998,20.95203,65.51063,8.37447
2019-03-25,3.1953,4.35829,0.8945799999999999,6.63474,24.83107,23.81339,19.66959,58.64337,7.47262
2019-03-26,3.05349,4.28836,0.73431,6.59783,23.145970000000002,20.240489999999998,17.99277,55.53793,7.16925
2019-03-27,3.1787900000000002,4.1737400000000004,0.6815399999999999,7.9227,21.324360000000002,20.20188,18.11688,56.321180000000005,6.97895
2019-03-28,2.9787,3.90404,0.61516,7.37067,20.17016,19.51101,17.12402,52.54005,6.65627
2019-03-29,2.68925,3.533,0.55106,5.41476,19.39518,17.83419,15.7878,49.569759999999995,6.350140000000001
2019-03-30,2.46455,3.7635199999999998,0.70258,5.4044,21.06511,20.601779999999998,18.969079999999998,54.680209999999995,7.748419999999999
2019-03-31,2.68569,4.34243,0.90623,5.55722,23.83684,23.50864,24.5801,59.014309999999995,8.09592
2019-04-01,3.2021,4.42305,1.0079,5.16384,24.031270000000003,21.92696,20.99202,55.44692,7.467110000000001
2019-04-02,3.3018300000000003,4.18767,0.9175700000000001,4.78988,22.17794,20.49973,17.75145,52.98822,7.30715
2019-04-03,3.18527,4.02837,0.7912899999999999,4.5163,21.70081,19.654429999999998,17.421879999999998,52.262879999999996,6.89346
2019-04-04,3.02144,3.7823,0.67377,4.99969,20.3315,18.24512,18.01483,50.558479999999996,6.9693
2019-04-05,2.82167,3.4313300000000004,0.55656,4.6024199999999995,19.004929999999998,16.244239999999998,16.17253,48.21147,6.30877
2019-04-06,2.47653,3.5352699999999997,0.55429,4.32527,20.539720000000003,17.791439999999998,16.69792,53.17714,7.02584
2019-04-07,2.46746,4.177630000000001,0.55753,4.69372,24.03265,20.94238,17.887970000000003,59.58106,7.72911
2019-04-08,3.3167199999999997,4.39197,0.60383,4.94497,22.79571,20.27634,16.44833,55.75305,7.396780000000001
2019-04-09,3.1039999999999996,4.0652800000000004,0.67862,4.0342,21.53396,19.33313,16.60001,54.02381999999999,7.635339999999999
2019-04-10,3.04378,3.7292,0.80166,3.92314,20.39217,18.309929999999998,17.110229999999998,54.82776,7.21062
2019-04-11,3.1626,3.5624599999999997,0.5925,3.7117199999999997,19.76061,17.322589999999998,16.83306,54.3203,6.654889999999999
2019-04-12,2.86927,3.33874,0.53713,3.40964,18.901510000000002,16.4566,15.552,52.00088,6.60801
2019-04-13,2.4464200000000003,3.5032099999999997,0.49537,3.29567,19.26142,17.17642,15.2045,55.754430000000006,6.83692
2019-04-14,2.8414200000000003,3.9733300000000003,0.63459,3.7654699999999997,22.5544,21.54637,17.57218,64.12201,8.42135
2019-04-15,3.5171300000000003,4.44992,0.60836,3.95908,22.83984,20.037779999999998,16.664820000000002,58.10695,7.68774
2019-04-16,3.3092699999999997,4.37319,0.52451,3.60034,20.6004,18.188579999999998,15.76436,56.56664,7.09065
2019-04-17,3.3351699999999997,4.63026,0.4727,3.5793,20.67624,17.335,15.02661,55.929559999999995,7.0548
2019-04-18,3.2969699999999995,4.468380000000001,0.44292,3.4905800000000005,19.70958,17.76386,14.61154,54.74502,6.8383
2019-04-19,3.1208400000000003,3.87393,0.40762,3.0748599999999997,18.119629999999997,15.98499,14.5095,52.280809999999995,6.8907
2019-04-20,2.54485,4.08341,0.42218999999999995,3.12019,19.41862,16.8041,14.99765,57.562259999999995,7.180280000000001
2019-04-21,3.03115,4.77985,0.42673,3.54045,22.26343,19.79508,16.01809,60.30501999999999,7.8228800000000005
2019-04-22,3.7564,7.7987,0.42835,4.9206900000000005,23.328000000000003,19.29314,14.968689999999999,54.91326,7.567769999999999
2019-04-23,3.8554800000000005,7.230160000000001,0.41701000000000005,5.2001,22.07314,18.31269,14.81425,52.1567,7.643610000000001
2019-04-24,3.75414,6.99056,0.36683000000000004,4.0601,21.5312,16.79445,14.05995,49.561479999999996,7.039630000000001
2019-04-25,3.7972,5.165780000000001,0.38399,3.52944,20.84723,16.9613,14.48192,50.093759999999996,7.035489999999999
2019-04-26,3.9030699999999996,4.11126,0.50605,3.0589999999999997,19.45172,15.36859,14.43503,48.3149,6.723839999999999
2019-04-27,3.07907,3.9105199999999996,0.45716,2.517,19.32899,15.74505,13.385639999999999,51.51962,6.6742
2019-04-28,3.7645,4.43729,0.51285,3.1875299999999998,21.90904,18.71121,15.18795,56.7597,7.55812
2019-04-29,5.6634199999999995,4.65811,0.58797,4.07402,23.83408,19.29589,21.46225,53.844559999999994,8.34413
2019-04-30,5.19525,4.25469,0.4468,3.0907299999999998,19.69304,15.93259,14.92043,47.91775,7.54709
2019-05-01,5.32378,4.78146,0.44227,3.9024199999999998,22.16415,17.540470000000003,15.281720000000002,52.3732,7.642239999999999
2019-05-02,6.50523,4.9932099999999995,0.41507,3.7292,21.43743,17.01784,14.366079999999998,51.08248,7.0865100000000005
2019-05-03,6.17725,4.92328,0.36068,3.30344,20.182570000000002,14.927320000000002,13.887579999999998,48.24181,7.045139999999999
2019-05-04,4.98123,5.06379,0.3487,3.98466,20.92032,15.458229999999999,13.985489999999999,50.55296,6.90035
2019-05-05,4.70829,5.62878,0.34384000000000003,3.92865,22.57094,16.4235,14.723239999999999,54.93532,7.02584
2019-05-06,5.96518,5.60579,0.43061000000000005,4.36412,25.185470000000002,19.91091,15.73954,57.86011,8.117980000000001
2019-05-07,8.19079,5.6847900000000005,0.47562,4.09895,24.70145,18.527810000000002,14.960420000000001,55.173880000000004,7.49193
2019-05-08,8.37631,4.95047,0.48922,3.7269400000000004,23.57897,16.357310000000002,14.04754,51.38862,7.09479
2019-05-09,4.06884,4.64095,0.38626,3.2250900000000002,22.15036,16.47728,14.60878,49.60699,7.17063
2019-05-10,3.36464,4.76107,0.34221999999999997,3.07972,20.9217,15.21553,13.992379999999999,47.87914,6.81072
2019-05-11,2.88254,5.3186,0.31826,3.35071,21.08442,16.50348,13.927570000000001,50.22477,7.28095
2019-05-12,2.8433599999999997,6.27665,0.32700999999999997,3.7169,23.65895,19.03389,15.98361,55.238690000000005,7.96767
2019-05-13,3.9212,6.78432,0.36974,4.15108,25.46264,19.27659,15.46236,53.65426,7.5526
2019-05-14,3.98725,6.92225,0.32474000000000003,3.5954900000000003,23.948529999999998,18.03138,15.02385,49.49943,7.86563
2019-05-15,3.7806800000000003,7.15763,0.29398,3.64632,22.84949,16.52831,15.05005,48.70377,7.425739999999999
2019-05-16,3.0952599999999997,9.42015,0.2548,4.34146,23.00394,16.65655,14.12614,50.11031,7.461589999999999
2019-05-17,2.80613,8.05513,0.24477,3.8849400000000003,21.02374,15.0073,13.18155,47.7178,7.144430000000001
2019-05-18,2.29263,6.60398,0.2234,3.16843,22.302039999999998,16.280089999999998,14.192329999999998,49.91588,7.4809
2019-05-19,2.44253,6.98053,0.2697,3.2438700000000003,25.28199,19.97435,17.00957,55.66893,8.69025
2019-05-20,3.04928,6.93228,0.31308,3.6757800000000005,26.073520000000002,19.13731,15.80848,52.993730000000006,7.3099
2019-05-21,3.12731,5.9638800000000005,0.34449,3.11112,23.67136,18.65605,15.343770000000001,53.32881999999999,7.27681
2019-05-22,2.87963,5.9192,0.31114,3.16455,22.895,17.155739999999998,14.82666,50.54331,7.076860000000001
2019-05-23,2.7692200000000002,6.41295,0.27714,3.3241699999999996,21.88146,16.53244,13.97584,47.815709999999996,6.4839
2019-05-24,2.3998,8.27367,0.22923000000000002,3.78619,20.68038,14.86665,13.348410000000001,46.88629,6.8562199999999995
2019-05-25,2.0455900000000002,7.69412,0.22243000000000002,4.499140000000001,22.0621,16.2208,13.920679999999999,48.46107,7.1733899999999995
2019-05-26,2.0158,8.79268,0.25351,3.32093,24.79936,19.18006,15.59199,53.8942,7.87252
2019-05-27,2.7812,8.59097,0.30564,4.03873,28.13232,20.88309,17.796960000000002,51.83678,8.19796
2019-05-28,2.71126,6.47123,0.29819,3.0007200000000003,23.98714,18.40784,15.8995,49.58079,7.343
2019-05-29,2.73749,5.736269999999999,0.2875,2.7336,22.93223,17.42601,15.683,49.83314,6.99136
2019-05-30,2.63615,4.98641,0.27812,2.48527,21.630489999999998,16.92821,14.772879999999999,46.37331,6.71281
2019-05-31,2.40821,4.20094,0.23797,2.18643,19.42138,14.92181,13.45183,42.83212,6.05504
2019-06-01,2.0514200000000002,4.216480000000001,0.24218,1.95137,21.53396,16.4304,14.104079999999998,47.90396,7.010669999999999
2019-06-02,2.08282,5.1606,0.2943,2.29651,23.35695,19.29451,15.55889,51.82989,7.3168
2019-06-03,2.75044,6.110869999999999,0.32700999999999997,2.57463,24.61457,18.44783,15.11624,49.97655,6.95275
2019-06-04,2.8284700000000003,6.4735,0.28103,2.67403,23.87269,17.34603,14.796320000000001,47.59783,7.2313
2019-06-05,2.51117,6.12544,0.2438,2.66594,22.136570000000003,15.91191,14.160620000000002,44.97779,6.45632
2019-06-06,2.15308,6.16624,0.25869000000000003,2.76404,22.84812,18.71397,16.47315,53.04614,7.9001
2019-06-07,2.36191,4.85334,0.2833,2.34896,22.63162,17.88383,15.50925,52.58418,7.2781899999999995
2019-06-08,1.95461,4.52795,0.25998000000000004,2.0902700000000003,21.73943,17.0137,14.037889999999999,50.08825,6.77486
2019-06-09,2.04818,4.838769999999999,0.37816,2.23435,23.91406,19.773020000000002,15.734020000000001,53.45155,7.788410000000001
2019-06-10,3.09817,5.01652,0.32765,2.3829599999999997,24.06161,19.89988,15.80021,50.78325,7.014810000000001
2019-06-11,2.76533,4.63512,0.3147,2.22107,23.47968,18.41198,14.41986,49.06368,7.014810000000001
2019-06-12,2.70867,4.72157,0.2697,2.29166,22.97222,17.25088,14.208879999999999,48.09564,6.555610000000001
2019-06-13,2.79221,4.85496,0.26452,2.17056,21.505,17.04956,14.989379999999999,47.15518,6.73487
2019-06-14,2.6206099999999997,4.206119999999999,0.23181999999999997,2.04915,20.32185,15.76711,13.7883,47.17035,6.4908
2019-06-15,2.0773200000000003,4.19382,0.23149,1.89277,21.84974,16.79445,14.070979999999999,47.26688,7.16511
2019-06-16,2.09254,4.76819,0.27455,2.03231,25.93287,19.56203,15.284479999999999,52.51385,7.58846
2019-06-17,2.87704,5.2693900000000005,0.29591999999999996,2.23273,25.9894,19.67649,15.8733,50.84944,7.09479
2019-06-18,2.85372,5.30274,0.33121,2.28518,23.78857,18.59538,14.94525,47.625409999999995,7.09065
2019-06-19,2.7905900000000003,5.00422,0.28071,2.39818,22.735039999999998,18.10584,14.73427,46.69599,6.70592
2019-06-20,2.75238,5.0285,0.26193,2.34734,21.584979999999998,17.490820000000003,13.887579999999998,46.784240000000004,6.74315
2019-06-21,2.5251,4.80931,0.24218,2.25863,21.47191,15.884329999999999,13.8407,45.05915,6.4618400000000005
2019-06-22,2.0744,4.6063,0.23731999999999998,1.77912,22.61921,16.44557,13.861379999999999,46.85457,6.730739999999999
2019-06-23,2.1922599999999997,5.241219999999999,0.27034,1.82607,24.48771,19.41724,14.78115,52.15119,7.38161
2019-06-24,2.7485,6.43853,0.28686,2.19711,25.95907,19.13455,14.764610000000001,51.22314,7.365060000000001
2019-06-25,2.84401,6.8338600000000005,0.28103,2.1064599999999998,23.36799,17.50461,14.297139999999999,48.33144,7.138910000000001
2019-06-26,2.7362,6.21189,0.28297,2.13948,23.156999999999996,17.87418,14.47088,50.077220000000004,7.0479
2019-06-27,2.5539099999999997,6.9229,0.26225,2.14725,22.38202,16.71722,13.33048,44.15455,6.8879399999999995
2019-06-28,2.36062,6.36827,0.24347,2.12006,21.49535,15.412720000000002,13.29049,44.30762,6.508719999999999
2019-06-29,2.01321,5.6699,0.25837,1.93097,23.78995,17.612170000000003,14.54535,49.43186,7.38437
2019-06-30,2.08347,6.33946,0.28912,1.8940599999999999,26.503759999999996,19.86541,14.62809,53.345369999999996,7.31128
2019-07-01,2.6818,6.61402,0.26419000000000004,2.13268,25.36197,19.07388,15.025229999999999,48.379709999999996,7.045139999999999
2019-07-02,2.6562200000000002,6.37119,0.28783000000000003,2.0439700000000003,23.98576,18.15687,14.425379999999999,47.76745,7.13615
2019-07-03,2.63777,5.6767,0.25027,1.97468,23.57621,17.277079999999998,14.13166,45.135,7.13064
2019-07-04,2.75109,6.23229,0.24995,1.9678799999999999,23.49899,17.16815,13.677979999999998,45.481120000000004,7.155460000000001
2019-07-05,2.59212,6.829,0.25156999999999996,1.8208900000000001,22.56681,15.72575,13.63799,44.74337,6.78452
2019-07-06,2.15276,8.838330000000001,0.25869000000000003,1.51849,24.72765,17.1709,13.56904,45.09225,7.2575
2019-07-07,2.1942,7.5636399999999995,0.27455,1.5971600000000001,25.880470000000003,19.040779999999998,15.016960000000001,49.863479999999996,7.5925899999999995
2019-07-08,2.85988,6.84875,0.2833,1.851,26.62787,18.87531,15.965689999999999,50.34749,7.16511
2019-07-09,2.75692,5.93604,0.26614,1.84129,25.80876,18.19961,15.658179999999998,48.96163,6.945860000000001
2019-07-10,2.73976,5.13243,0.28556,1.8484099999999999,23.99404,17.97346,17.27846,47.07107,7.396780000000001
2019-07-11,2.7951200000000003,4.63318,0.31438,1.75193,22.951539999999998,17.07989,16.844089999999998,46.38434,6.55837
2019-07-12,2.7154700000000003,4.43697,0.24768,1.59425,21.12303,15.015579999999998,15.323089999999999,48.0198,6.74177
2019-07-13,2.27029,4.3175,0.26614,1.31322,22.32549,16.44143,15.19622,49.31051,6.34187
2019-07-14,2.2609,5.50024,0.30951999999999996,1.83125,25.39645,19.086289999999998,16.31319,54.283069999999995,7.41195
2019-07-15,2.84239,5.6767,0.30401999999999996,2.18578,25.88185,18.93736,17.0923,49.24708,7.02032
2019-07-16,2.77731,5.6346,0.29625,1.96626,24.70007,17.638370000000002,16.06635,47.85846,6.74315
2019-07-17,2.78735,5.88326,0.28168000000000004,2.32824,24.09746,17.3874,16.320079999999997,45.15016,6.74315
2019-07-18,2.75303,6.0681400000000005,0.30272,2.38943,23.59414,17.101960000000002,16.46487,49.17261,6.71281
2019-07-19,2.59406,6.824139999999999,0.2901,1.86589,22.821920000000002,15.785039999999999,15.141060000000001,50.55296,6.67006
2019-07-20,2.25572,7.06503,0.30013,1.72732,25.59502,17.81075,16.09669,49.5601,7.440910000000001
2019-07-21,2.29586,7.39204,0.34384000000000003,1.73606,26.618209999999998,20.01572,17.31707,54.26651999999999,7.58983
2019-07-22,2.91945,9.22265,0.33607,2.1543799999999997,28.155759999999997,18.97735,17.024729999999998,52.37044,7.249230000000001
2019-07-23,2.79188,10.820139999999999,0.33769,2.07084,27.460759999999997,18.057579999999998,16.3449,49.25673,6.9693
2019-07-24,2.77051,9.32593,0.37589,1.9678799999999999,26.88022,17.25088,15.720229999999999,49.139520000000005,7.149939999999999
2019-07-25,2.6228700000000003,9.21974,0.48695,2.03167,26.109370000000002,16.6662,16.39868,48.5176,7.355410000000001
2019-07-26,2.4797700000000003,7.698980000000001,0.3882,1.85133,25.044810000000002,15.615429999999998,15.16588,47.22827,7.19407
2019-07-27,2.19064,8.82311,0.36196999999999996,1.64379,26.84023,16.26079,14.48192,52.12223,6.8907
2019-07-28,2.11488,8.83542,0.39921,1.7529,28.930740000000004,18.871170000000003,16.41799,56.62732,8.63923
2019-07-29,2.7821700000000003,9.23884,0.38269000000000003,1.7723200000000001,28.86593,18.77327,16.44005,54.82086999999999,7.145810000000001
2019-07-30,2.78023,9.00961,0.38205,1.7541900000000001,27.009840000000004,18.00656,15.65956,60.714580000000005,7.34714
2019-07-31,2.6979900000000003,8.59712,0.36294,1.7299099999999998,27.5242,16.71033,15.589229999999999,61.54747,7.3278300000000005
2019-08-01,2.73717,8.73602,0.3733,1.5835700000000001,26.39896,16.54072,15.324470000000002,54.219640000000005,6.9320699999999995
2019-08-02,2.5127900000000003,9.17247,0.35291,1.46345,25.4847,14.98386,14.360570000000001,53.81284,6.972060000000001
2019-08-03,2.21006,10.05442,0.32992,1.33685,26.06938,16.067729999999997,14.26404,52.26978,7.19269
2019-08-04,2.31302,10.66376,0.39921,1.46668,29.747090000000004,17.887970000000003,15.622320000000002,58.49306,7.83253
2019-08-05,2.90974,12.80033,0.41345,1.73865,29.73882,18.03276,16.244239999999998,55.28144,7.5002
2019-08-06,2.97417,11.012789999999999,0.46105,1.6965599999999998,27.82067,17.91279,16.942,55.25662,7.920789999999999
2019-08-07,3.06644,8.10887,0.48501000000000005,11.26565,27.502129999999998,17.195729999999998,16.942,55.30075,7.19959
2019-08-08,2.96348,7.5426,0.45521999999999996,3.47051,26.76163,17.4922,16.60829,55.001509999999996,7.1182300000000005
2019-08-09,2.86603,7.21979,0.47141000000000005,1.7762099999999998,25.03102,16.67861,16.10634,53.862480000000005,6.5418199999999995
2019-08-10,2.48495,8.027610000000001,0.40439,1.4576200000000001,26.436190000000003,17.72663,16.12565,54.39751999999999,7.16649
2019-08-11,2.5668599999999997,7.100969999999999,0.48177,1.56511,27.4125,19.8985,17.10471,59.21564,9.18392
2019-08-12,3.2778699999999996,7.40855,0.5135,1.8545599999999998,29.414759999999998,19.81852,17.674229999999998,57.235440000000004,7.5925899999999995
2019-08-13,3.54757,7.32988,0.66891,1.83902,27.44835,18.76223,17.95692,56.4315,7.13753
2019-08-14,3.27107,6.5525,0.5494399999999999,1.6803700000000001,25.1179,17.16539,16.90752,52.905480000000004,6.721080000000001
2019-08-15,2.69734,5.12596,0.61516,1.535,27.40836,19.687520000000003,17.85349,57.60361999999999,7.534680000000001
2019-08-16,3.07033,4.34437,0.5743699999999999,1.7762099999999998,25.111,18.32924,16.07187,54.54645,6.21225
2019-08-17,2.49887,3.63984,0.57016,1.42524,25.39921,19.03803,15.93811,53.75768000000001,6.56112
2019-08-18,2.67856,3.73147,0.68574,1.53532,26.791959999999996,20.37011,16.69516,56.73763,6.830019999999999
2019-08-19,4.22069,4.05265,0.80457,2.0747299999999997,26.78645,19.81714,18.119629999999997,55.88956999999999,6.55975
2019-08-20,4.53378,3.84058,0.70582,1.92288,25.91356,19.33451,17.45359,56.181909999999995,6.8562199999999995
2019-08-21,4.6921,3.49188,0.73852,1.85877,24.78281,18.37336,17.74731,56.79555,6.37634
2019-08-22,4.75362,3.25617,0.67895,1.91025,24.500120000000003,17.399810000000002,17.231579999999997,52.61866,6.12261
2019-08-23,4.70085,2.87704,0.63394,1.6535,22.95016,16.83857,15.47339,54.68849,6.05091
2019-08-24,4.1132,2.46325,0.71812,1.40711,22.9543,17.183320000000002,16.0236,55.939209999999996,6.38875
2019-08-25,4.62185,2.68245,0.90397,1.47284,24.8683,20.87619,17.566670000000002,59.96442,6.940339999999999
2019-08-26,7.07863,3.1120900000000002,0.94573,1.81571,25.63501,20.679000000000002,17.63975,60.04853000000001,6.70454
2019-08-27,7.1382,2.8831900000000004,0.94768,1.86363,24.47254,20.04329,18.356820000000003,58.5758,6.8121
2019-08-28,7.24052,2.74817,0.93991,1.885,23.97335,18.909779999999998,18.22581,58.602,6.8314
2019-08-29,6.85005,2.4104799999999997,0.94865,1.7755599999999998,23.77202,18.72776,17.35706,55.77373000000001,6.57905
2019-08-30,6.55962,1.97501,0.9324600000000001,1.62145,21.40296,16.65379,15.996020000000001,54.76156999999999,6.00816
2019-08-31,5.58442,1.89115,0.86511,1.36988,22.231720000000003,18.021729999999998,16.19046,56.561119999999995,6.43012
2019-09-01,6.57257,2.09383,1.12802,1.61465,25.11376,21.444329999999997,18.91392,65.36308000000001,7.62845
2019-09-02,9.79605,2.61122,1.29055,1.8879099999999998,25.0655,20.18395,19.61581,62.22041,7.19821
2019-09-03,10.10363,2.3000700000000003,1.3889799999999999,1.93518,23.67274,19.37174,18.91116,59.97545,7.40643
2019-09-04,10.06964,2.1511400000000003,1.185,2.1589099999999997,23.69756,18.29614,18.44921,57.59673000000001,7.29749
2019-09-05,10.25646,2.0973900000000003,1.07524,1.9533099999999999,23.36523,17.638370000000002,17.999660000000002,58.46548000000001,7.250610000000001
2019-09-06,9.05591,2.00965,0.9505899999999999,1.8066400000000002,23.334889999999998,15.576820000000001,16.97785,56.001259999999995,6.748660000000001
2019-09-07,7.3833,2.14304,0.9632200000000001,1.6499400000000002,24.58837,18.72776,19.33451,61.80948000000001,14.69979
2019-09-08,8.58806,2.1547,1.0202,1.8597400000000002,25.91218,21.08442,19.402070000000002,68.92357,7.83115
2019-09-09,12.092889999999999,2.21298,1.03801,2.49952,24.63802,18.55953,17.80247,63.989630000000005,7.0217
2019-09-10,11.2595,2.03231,0.9272799999999999,1.9063700000000001,21.74632,16.92683,17.11437,59.698280000000004,6.29636
2019-09-11,11.80959,1.71307,0.89846,1.54374,22.017979999999998,14.40332,16.0305,56.82727,5.4524300000000006
2019-09-12,7.27451,1.31775,1.02409,1.33815,24.91381,13.75796,16.64552,56.8383,5.4414
2019-09-13,4.49622,1.3462399999999999,1.08334,1.3909200000000002,26.095589999999998,14.418479999999999,15.943620000000001,60.452569999999994,5.48691
2019-09-14,4.1695400000000005,1.53662,1.25105,1.5178399999999999,26.670609999999996,17.923820000000003,16.73101,69.96607,6.94172
2019-09-15,3.9480699999999995,1.89762,1.34851,1.7758900000000002,27.83308,20.78794,18.06448,76.73543000000001,7.3278300000000005
2019-09-16,4.5218,2.2528,1.61789,2.51538,30.204909999999998,22.64265,19.60616,71.27058000000001,7.394019999999999
2019-09-17,3.9765699999999997,2.0789400000000002,1.56382,2.31561,26.71198,19.91367,17.50048,65.07901,7.04652
2019-09-18,3.6654199999999997,1.9763,1.6988299999999998,2.2664,24.86555,18.645020000000002,17.23572,62.93747,6.8686300000000005
2019-09-19,3.42259,1.82348,2.0961,2.122,23.048070000000003,18.71673,15.91053,58.5951,6.48804
2019-09-20,3.00104,1.5842100000000001,2.04915,1.9766299999999999,21.41399,17.03163,14.7453,56.16398,6.3529
2019-09-21,2.48009,1.5149299999999999,2.6257900000000003,1.8425799999999999,22.25378,18.79395,14.90112,62.104580000000006,7.64913
2019-09-22,2.4234299999999998,1.7710299999999999,4.10349,2.04332,25.08756,22.37927,17.6825,70.42941,10.00303
2019-09-23,3.37629,1.89503,4.007,2.4742599999999997,24.034029999999998,20.95893,16.33387,63.66695,7.34714
2019-09-24,3.1745799999999997,1.96853,4.30746,2.22917,22.871560000000002,19.45585,16.00154,61.275819999999996,7.22992
2019-09-25,3.04475,1.8338400000000001,3.1901200000000003,2.54323,22.393060000000002,18.3251,16.25527,61.04691,6.689369999999999
2019-09-26,2.991,1.82283,2.4843,2.7154700000000003,21.33815,18.35268,15.0142,58.72059,6.56388
2019-09-27,2.67468,1.61076,2.00544,2.14078,19.98951,17.071620000000003,14.367460000000001,56.974819999999994,6.36669
2019-09-28,2.27482,1.58518,1.57515,2.00641,21.34918,18.44369,14.43365,59.587959999999995,6.95827
2019-09-29,2.314,1.82769,1.7396200000000002,2.49628,23.44245,20.887220000000003,15.73954,66.99025999999999,7.4271199999999995
2019-09-30,2.95701,2.07311,1.8085900000000001,3.8762,24.444960000000002,21.322979999999998,15.80986,61.37786,6.576289999999999
2019-10-01,3.0509,1.94587,1.9471599999999998,3.9351199999999995,23.06186,19.25866,15.874670000000002,61.17653000000001,6.861739999999999
2019-10-02,2.64975,1.7891599999999999,1.7137200000000001,2.85793,21.30643,18.24926,15.60164,61.17515,7.9001
2019-10-03,2.21266,1.7992,1.62468,2.09286,23.28663,20.66935,16.36007,65.38238,7.567769999999999
2019-10-04,2.57884,1.7580799999999999,1.57677,2.7689,21.48294,18.04655,15.150720000000002,60.98347,6.45357
2019-10-05,2.15794,1.54925,1.9144599999999998,2.2282,20.5935,18.51953,14.35781,63.21878,7.052039999999999
2019-10-06,2.3399,1.60267,2.9443799999999998,2.26316,22.7378,20.792070000000002,14.777020000000002,66.57381,7.330589999999999
2019-10-07,2.83074,1.7189,4.97605,3.06547,23.98714,21.19197,16.03877,62.16939,7.79806
2019-10-08,2.64036,1.52302,4.92911,2.7928599999999997,20.23359,17.323970000000003,13.711070000000001,56.50045,7.19407
2019-10-09,2.37163,1.60008,6.26887,2.4901299999999997,22.16553,20.25566,14.626710000000001,60.43326999999999,7.893210000000001
2019-10-10,2.72486,1.56802,6.4013,3.27754,21.14095,18.31958,14.061329999999998,58.902609999999996,7.188560000000001
2019-10-11,3.4297199999999997,1.42492,4.35829,2.85858,20.218420000000002,17.169529999999998,14.03651,55.821999999999996,6.79555
2019-10-12,2.1815700000000002,1.36923,3.5877199999999996,2.1770400000000003,20.42251,17.34741,13.593860000000001,58.701280000000004,7.209239999999999
2019-10-13,2.33277,1.49777,3.9927599999999996,2.28065,21.71322,20.40183,14.934220000000002,64.23921999999999,7.5002
2019-10-14,3.0819799999999997,1.6418400000000002,5.0680000000000005,3.14415,22.82743,19.38139,16.11599,61.57643,7.5264
2019-10-15,2.97384,1.61368,6.43562,2.8275,21.23334,18.901510000000002,15.85537,54.412690000000005,7.640860000000001
2019-10-16,3.0907299999999998,1.95849,5.7790099999999995,3.11468,21.73115,19.38139,15.34929,57.2575,7.48365
2019-10-17,3.04766,1.6962400000000002,5.62424,3.08425,21.03615,18.8891,14.89285,58.2807,7.59397
2019-10-18,2.77019,1.57256,4.75977,2.4234299999999998,20.51352,18.04241,14.65429,57.79254,7.289219999999999
2019-10-19,2.47167,1.4809299999999999,3.76514,1.8387,20.963070000000002,19.36071,15.05005,58.66681,7.90838
2019-10-20,2.4901299999999997,1.73574,4.32527,3.11015,24.031270000000003,24.22433,16.31181,68.44507,8.477889999999999
2019-10-21,3.33485,1.9092799999999999,4.82874,6.11346,25.392310000000002,23.32524,16.321460000000002,65.39893000000001,7.92355
2019-10-22,3.3060300000000002,1.8578,4.041,4.47777,23.745820000000002,22.069000000000003,16.51176,68.54436,7.91665
2019-10-23,3.29794,1.7924,3.94095,3.6819300000000004,22.64817,20.411479999999997,15.372729999999999,62.551359999999995,7.73738
2019-10-24,3.08101,1.73023,3.7301800000000003,3.12893,21.310570000000002,19.89161,15.18105,60.23745,7.31542
2019-10-25,2.78023,1.58551,3.4578800000000003,2.54776,20.18395,18.1417,14.543970000000002,57.14305,6.92104
2019-10-26,2.39267,1.4113200000000001,4.5817,2.1770400000000003,20.665210000000002,19.55238,14.244729999999999,59.16461999999999,7.68498
2019-10-27,2.48462,1.6904099999999997,6.64575,2.61187,23.71549,23.68101,15.805729999999999,65.52028,8.91364
2019-10-28,3.31154,1.88241,8.321589999999999,3.2843400000000003,24.39808,23.515539999999998,16.12151,63.33875,8.55373
2019-10-29,3.13184,1.93324,7.33927,5.1813199999999995,23.86993,20.9741,16.32422,63.211890000000004,8.3855
2019-10-30,3.06223,1.83611,7.81813,3.68485,23.19562,20.63349,15.92845,60.36156,8.11246
2019-10-31,2.96057,1.64864,6.17466,4.190580000000001,21.38917,19.03665,15.28861,58.55511,8.11936
2019-11-01,2.99392,1.75193,5.101030000000001,6.40972,24.0754,18.50437,16.822029999999998,56.42736,7.669810000000001
2019-11-02,2.58467,1.72279,4.94465,4.89058,24.0161,20.10949,16.90063,64.14820999999999,8.12763
2019-11-03,2.65331,1.8370799999999998,5.4248,5.73886,25.7012,24.20226,17.94175,70.12465,9.004660000000001
2019-11-04,3.35331,2.08315,5.9166099999999995,4.8002400000000005,25.81014,23.664460000000002,17.7087,63.362190000000005,8.19658
2019-11-05,3.23642,2.02292,6.29704,4.13198,24.66284,22.26205,17.41222,62.25075,8.14142
2019-11-06,3.5171300000000003,1.8736700000000002,6.5285400000000005,4.24886,23.40798,20.18809,16.536579999999997,62.609280000000005,8.20899
2019-11-07,3.27851,1.8629799999999999,7.8764,4.48359,22.61921,20.38114,16.412470000000003,59.4211,8.153830000000001
2019-11-08,3.06968,1.62986,11.398719999999999,4.1841,20.72175,18.8105,15.72575,60.88695,8.10695
2019-11-09,2.67435,1.61335,8.948739999999999,2.98679,21.84836,19.75233,15.451329999999999,65.07486999999999,8.19934
2019-11-10,2.89743,1.8021099999999999,9.86858,3.6524699999999997,24.78005,22.893620000000002,17.0992,73.20940999999999,9.48316
2019-11-11,3.5741199999999997,1.9423099999999998,9.30068,3.9820699999999998,25.81703,22.58749,17.17918,67.97208,9.07498
2019-11-12,3.3976599999999997,1.82801,8.297310000000001,3.29891,24.10849,20.885839999999998,16.53244,66.85374,8.34689
2019-11-13,3.21441,1.84323,10.6589,3.20016,23.62585,20.18533,17.16815,62.778890000000004,8.9233
2019-11-14,2.8896599999999997,1.7461,14.73066,2.93693,22.8426,18.80636,17.20262,57.48641,8.5165
2019-11-15,2.86279,1.66937,11.836789999999999,2.63259,21.02926,17.574939999999998,17.3612,56.671440000000004,8.44342
2019-11-16,2.70511,1.5605799999999999,8.76872,2.4325,22.27998,19.74682,16.65241,60.09404,8.28759
2019-11-17,2.6312900000000004,1.9856900000000002,9.38097,2.95927,26.90918,24.444960000000002,19.595129999999997,68.81188,10.74629
2019-11-18,3.17847,2.03037,12.0113,4.13813,27.340790000000002,22.72815,19.722,63.75244,9.6638
2019-11-19,3.4527,1.91284,14.00509,3.51195,24.9014,20.661070000000002,17.53219,59.41421,9.40869
2019-11-20,3.1286099999999997,1.80308,12.0508,3.1208400000000003,23.20251,19.82542,16.99164,57.25199,8.79643
2019-11-21,3.21505,1.6943,9.61182,2.80937,21.56981,18.84221,16.17667,55.983340000000005,8.4641
2019-11-22,2.7970599999999997,1.6904099999999997,6.74255,2.50988,21.04994,17.72387,14.86251,53.64185,7.58294
2019-11-23,2.35609,1.65641,5.65468,2.5331900000000003,21.96144,18.87807,15.75746,57.762209999999996,7.929060000000001
2019-11-24,2.53837,1.83611,6.1316,2.946,25.81841,23.9375,18.454720000000002,65.33688000000001,9.60037
2019-11-25,3.2934099999999997,2.09642,7.53515,3.15645,25.99492,22.56543,18.44369,61.75294,8.61717
2019-11-26,3.51292,2.11164,6.582610000000001,3.06223,24.23674,21.28712,17.58735,59.967180000000006,7.935960000000001
2019-11-27,3.18203,1.9886,6.6748899999999995,2.59503,23.27146,20.50111,18.28649,60.89246,8.0118
2019-11-28,3.1137099999999998,1.91219,6.40583,2.59082,22.90052,19.582720000000002,18.03965,64.04892,7.853219999999999
2019-11-29,2.8207,1.7584,5.893619999999999,2.8793,22.22758,18.36647,17.9183,62.36382,7.574669999999999
2019-11-30,2.44998,1.67973,5.98816,2.36968,23.25491,20.64039,18.32234,65.44719,8.30552
2019-12-01,3.0693599999999996,2.00706,7.334410000000001,3.08587,27.16429,25.43092,21.2623,73.87958,9.92994
2019-12-02,3.61265,2.09998,8.2345,3.11177,24.7704,21.95317,19.58961,65.56579,8.997760000000001
2019-12-03,3.6547400000000003,2.03911,8.49643,2.92204,23.7803,22.302039999999998,19.86403,66.63311,8.99087
2019-12-04,3.50613,1.8801400000000001,7.152769999999999,2.73069,22.46063,19.88609,18.90289,65.71058000000001,7.988360000000001
2019-12-05,3.37532,1.8859700000000001,8.24939,2.94276,22.10623,19.471020000000003,18.92081,61.987359999999995,8.63233
2019-12-06,3.21732,1.6784299999999999,8.54402,2.52769,20.29427,18.18445,17.574939999999998,58.579930000000004,8.37171
2019-12-07,2.85534,1.7325,7.126869999999999,2.16377,22.271710000000002,20.03088,18.143079999999998,67.16401,8.78678
2019-12-08,3.23675,2.0805599999999997,7.21397,2.9201,25.532970000000002,23.89751,19.92884,75.95907,9.778260000000001
2019-12-09,3.77291,2.08736,6.65125,4.57749,24.86692,23.465889999999998,27.98753,68.20375,8.68887
2019-12-10,3.7046,2.0281,5.46851,9.21164,23.23147,21.13544,19.51377,66.81789,8.43652
2019-12-11,3.7719400000000003,2.03134,4.8552800000000005,9.465160000000001,22.70332,20.673479999999998,20.22532,64.05306,8.48065
2019-12-12,3.54045,1.9134900000000001,4.77693,4.81158,21.46777,20.50939,19.31796,63.675219999999996,7.887689999999999
2019-12-13,3.26556,1.78625,4.24174,3.7237,20.61695,18.60365,18.60641,61.97909,8.67232
2019-12-14,2.85081,1.7813900000000003,4.18184,3.42907,21.8594,21.61808,19.8268,64.95352,8.81298
2019-12-15,3.26362,2.08606,4.48975,3.7845699999999995,25.0586,25.27648,21.60015,73.80374,9.03637
2019-12-16,3.98401,2.13365,3.92023,3.9212,24.72489,23.14735,21.90214,68.53884000000001,8.67646
2019-12-17,3.81015,2.02292,3.7635199999999998,3.8684300000000005,23.0591,22.29791,22.343410000000002,66.91028,8.07385
2019-12-18,3.77874,1.95428,3.7152800000000004,3.5912800000000002,22.21793,21.066489999999998,21.51052,65.84434,7.676710000000001
2019-12-19,4.1064,1.8905,3.8350800000000005,3.5310599999999996,21.418129999999998,20.08742,21.229210000000002,63.054680000000005,7.844939999999999
2019-12-20,3.4245400000000004,1.6994799999999999,3.81921,3.46565,19.75785,18.1086,20.07639,63.10295,7.51951
2019-12-21,3.10335,1.79887,3.9496900000000004,2.83656,21.59463,20.73967,21.08579,72.36272,8.20623
2019-12-22,3.4591800000000004,2.0714900000000003,4.18151,3.6311,24.08091,24.27121,23.69894,83.33241,8.8378
2019-12-23,3.8354,2.08865,3.8603300000000003,4.06399,23.01773,21.97937,22.88673,77.96271,7.73601
2019-12-24,3.36593,1.79207,3.09008,3.9778599999999997,19.70407,17.95692,21.28023,72.45373000000001,7.66154
2019-12-25,2.8725,1.9737099999999999,3.45983,4.29516,23.17631,22.34893,24.931739999999998,82.2251,8.8116
2019-12-26,3.66057,2.22755,3.6291599999999997,4.22393,22.595760000000002,21.86629,22.89086,76.51893000000001,7.79668
2019-12-27,3.42745,1.96238,3.3167199999999997,3.4491400000000003,20.69141,19.67097,21.62221,69.16351,7.5857
2019-12-28,3.03309,2.03782,3.3180099999999997,3.4336,23.67274,22.20414,22.74331,71.76425,7.94285
2019-12-29,3.1616299999999997,2.29489,3.59387,3.9471,25.55503,26.19901,24.94966,78.55842,8.84745
2019-12-30,3.7632,2.2382299999999997,3.3296699999999997,3.76514,24.17606,23.2425,22.84812,71.1644,7.70015
2019-12-31,3.4349,1.8399900000000002,3.3814699999999998,3.2189400000000004,22.7902,19.20488,22.172420000000002,61.86464,7.966289999999999
2020-01-01,4.154319999999999,2.1977599999999997,3.8435,3.3189900000000003,26.649929999999998,24.36084,33.67853,64.55638,8.891580000000001
2020-01-02,5.8075,2.47232,3.68226,4.22393,24.98965,24.9207,25.46126,69.78129,7.6836
2020-01-03,5.82757,2.25183,2.9923,4.59983,22.66885,22.40685,23.33075,69.39794,7.73325
2020-01-04,5.71004,2.43153,2.94082,4.57457,25.80049,25.76463,25.27648,79.07967,7.5857
2020-01-05,5.28461,2.7089999999999996,3.1137099999999998,4.92846,27.5242,30.30971,26.51203,82.52985,8.469619999999999
2020-01-06,6.20477,2.79771,3.1367,4.55353,26.685779999999998,27.071890000000003,26.780929999999998,76.77266,8.0118
2020-01-07,7.2667399999999995,2.8258799999999997,2.64845,4.06463,26.0225,25.064120000000003,26.392059999999997,76.12179,8.06282
2020-01-08,6.7037,2.6257900000000003,2.58823,3.9361,24.882089999999998,23.4521,24.07402,72.24689000000001,7.45883
2020-01-09,7.3043,2.5973,2.6099200000000002,4.00959,24.882089999999998,23.91819,24.36636,73.95543,7.33748
2020-01-10,6.35694,2.38037,2.28874,4.08212,22.50751,21.79872,22.75986,73.02738000000001,7.0479
2020-01-11,5.4057,2.4483599999999996,2.32986,4.2096800000000005,25.797729999999998,25.06963,22.81502,80.35108000000001,7.66292
2020-01-12,6.50329,2.77116,2.8058099999999997,4.28512,28.04131,30.63653,25.738429999999997,89.00962,8.477889999999999
2020-01-13,10.49896,2.75627,2.9732,4.3301300000000005,27.128429999999998,27.273220000000002,24.73454,79.56506999999999,7.86563
2020-01-14,9.18898,2.73199,2.8948400000000003,4.08568,27.368370000000002,25.27372,24.59389,80.79786999999999,7.635339999999999
2020-01-15,8.94615,2.68925,2.69928,4.1481699999999995,24.90829,24.27811,24.65318,80.40624,7.671189999999999
2020-01-16,9.47034,2.5827299999999997,2.6368,3.8247199999999997,23.3542,22.87569,24.883470000000003,78.34192,7.80082
2020-01-17,9.2233,2.4639,2.3182,3.7036300000000004,22.15174,22.28136,22.48958,75.15099000000001,7.398160000000001
2020-01-18,7.96059,2.4881900000000003,2.34993,3.87944,25.41437,24.98827,23.43693,80.53862,7.73463
2020-01-19,9.147860000000001,2.75271,2.61478,4.80251,26.88435,29.11277,25.42679,90.55682,8.38688
2020-01-20,12.10552,2.62967,2.3535,4.646780000000001,24.70145,25.23649,23.74996,79.49611999999999,7.755310000000001
2020-01-21,10.58767,2.50178,2.18837,4.2032099999999994,22.77365,23.505879999999998,23.719620000000003,75.12203000000001,7.1913100000000005
2020-01-22,10.95677,2.35738,1.84096,3.97819,21.95041,21.920070000000003,22.3572,75.36197,6.42047
2020-01-23,11.186010000000001,2.0973900000000003,1.51978,3.3154199999999996,20.94238,19.0201,22.4165,74.10710999999999,5.750290000000001
2020-01-24,7.339589999999999,1.9449,1.50651,3.76611,24.25604,18.74844,23.12805,74.02162,5.6799599999999995
2020-01-25,4.90126,1.9720900000000001,1.58551,4.07726,27.37665,19.560660000000002,27.335279999999997,83.61372,6.04401
2020-01-26,4.4687,2.29489,1.7719999999999998,4.649369999999999,29.285140000000002,25.15375,27.13257,95.18326,7.530539999999999
2020-01-27,4.52666,2.76404,2.06242,4.98091,30.95369,29.74571,29.467159999999996,100.0,9.388010000000001
2020-01-28,4.79442,2.7077,1.9054,6.02313,29.21895,26.88298,27.65796,85.13472,9.38663
2020-01-29,4.54738,2.54258,1.7632599999999998,5.60417,27.80688,26.03077,26.3438,81.56871,12.21765
2020-01-30,4.07176,2.4548400000000004,1.62436,5.18262,27.23323,25.486079999999998,25.30406,79.39408,15.734020000000001
2020-01-31,3.73633,2.09383,1.48838,5.13146,23.934739999999998,23.01359,23.56932,71.88696999999999,17.1447
2020-02-01,3.57347,2.3000700000000003,1.6807,5.86448,28.56532,29.322370000000003,24.20226,81.80175,13.05193
2020-02-02,3.5278199999999997,2.66043,1.82801,8.0234,31.29567,34.03017,25.89701,93.22375,13.264289999999999
2020-02-03,4.06301,2.57625,1.9005400000000001,6.321000000000001,29.00797,29.84638,25.159270000000003,79.5761,13.760720000000001
2020-02-04,3.92412,2.39267,1.98763,5.51092,26.59753,28.235740000000003,27.1767,75.8915,12.36382
2020-02-05,3.98855,2.25054,2.22722,5.20205,27.868940000000002,28.17507,26.60718,77.15601,12.2797
2020-02-06,3.9743,2.11164,2.30914,4.88313,26.81403,26.887109999999996,26.32725,78.55015,15.79469
2020-02-07,3.62592,1.95914,1.9063700000000001,4.75977,24.80901,25.60054,25.23787,73.50864,15.6761
2020-02-08,3.29794,2.2107099999999997,2.00706,5.41509,29.69469,31.679029999999997,26.36035,82.52158,14.98524
2020-02-09,3.34942,2.58888,2.1122900000000002,5.1784099999999995,32.58363,37.37279,28.41225,94.75854,12.21903
2020-02-10,4.0361400000000005,2.63421,1.87885,5.49441,31.21707,32.65671,28.042690000000004,83.87159,11.81775
2020-02-11,4.06819,2.58823,1.62857,5.09909,29.101740000000003,30.54,27.12292,85.88212,11.78603
2020-02-12,4.27508,2.57625,1.5835700000000001,4.81481,29.34305,31.21156,27.39595,93.09274,10.89798
2020-02-13,4.07176,2.5335099999999997,1.32228,4.56648,27.747590000000002,29.89188,26.09283,85.76767,10.46774
2020-02-14,3.4695400000000003,2.3178799999999997,1.16299,4.614719999999999,26.938129999999997,27.16153,24.069879999999998,83.25932,8.79643
2020-02-15,2.8184299999999998,2.6015099999999998,1.11701,4.96504,31.186729999999997,32.2251,24.444960000000002,87.30521999999999,8.5758
2020-02-16,2.97417,2.67662,1.55475,4.582990000000001,32.325759999999995,36.025529999999996,27.15325,91.98268,9.4211
2020-02-17,3.4148199999999997,2.8022400000000003,1.8474400000000002,4.62249,30.40072,32.440220000000004,27.558670000000003,80.90543000000001,9.54797
2020-02-18,3.70589,2.59082,1.7143700000000002,4.7996,27.409740000000003,29.086570000000002,26.11489,77.26357,9.5921
2020-02-19,3.6311,2.3104299999999998,1.5149299999999999,4.52568,26.49411,26.8554,24.86279,72.95016,12.08803
2020-02-20,3.91181,2.18416,1.30901,4.81773,24.786939999999998,25.19926,23.817529999999998,77.46628,12.59411
2020-02-21,3.84835,1.8354599999999999,1.05193,5.15316,22.427529999999997,22.59439,22.015220000000003,77.08706,15.21553
2020-02-22,3.74928,1.95623,1.07103,6.2653099999999995,27.258059999999997,27.56832,23.91819,79.51405,16.84271
2020-02-23,4.12453,2.08282,1.19374,6.53275,28.693559999999998,31.27637,25.38266,77.71725,17.16263
2020-02-24,4.72804,1.84647,1.12608,5.67605,26.740940000000002,26.52031,25.34129,69.14834,21.90352
2020-02-25,4.68951,1.88273,1.10697,5.19071,26.95468,27.502129999999998,29.384420000000002,70.33288,21.924210000000002
2020-02-26,4.79409,1.8710799999999999,1.05873,4.909680000000001,25.93562,26.20039,28.653570000000002,71.89386999999999,20.45423
2020-02-27,4.57198,1.7503099999999998,1.0525799999999998,4.86888,25.54813,26.50238,29.526459999999997,67.24675,18.9415
2020-02-28,4.21163,1.79272,1.03477,4.61343,25.364729999999998,26.14385,29.217570000000002,66.21666,18.52505
2020-02-29,3.95131,1.90507,1.02214,5.62942,28.86593,31.326009999999997,30.17595,74.67387,15.77677
2020-03-01,5.1813199999999995,2.2469799999999998,1.1536,5.9991699999999994,32.82219,35.632529999999996,31.359109999999998,81.85829,15.56441
2020-03-02,4.87665,2.04235,1.11312,5.40181,28.63151,30.135959999999997,32.187870000000004,70.86378,15.669210000000001
2020-03-03,4.5477,2.07991,1.16525,5.32702,27.932370000000002,28.58049,34.02603,81.18673000000001,16.71171
2020-03-04,5.5624,2.16538,1.26335,5.45491,29.14035,29.18585,34.94856,80.85578000000001,15.874670000000002
2020-03-05,4.401680000000001,2.1806,1.27015,5.24834,27.893759999999997,28.375020000000003,32.809779999999996,82.11616,14.01583
2020-03-06,3.84479,2.0384700000000002,1.09855,4.7996,26.37,27.23599,32.176829999999995,75.15651,12.1225
2020-03-07,3.4740699999999998,2.16215,1.11345,5.52355,30.215940000000003,31.996190000000002,33.1104,79.3072,11.16826
2020-03-08,3.3950699999999996,2.7349,1.07427,6.02378,31.976879999999998,34.65484,31.99343,84.2246,11.31167
2020-03-09,4.20159,2.68601,1.11151,6.014390000000001,30.78821,31.468040000000002,32.34645,78.20815999999999,11.30477
2020-03-10,4.23591,2.4260200000000003,1.1341700000000001,5.8525,28.244020000000003,30.785459999999997,34.75826,80.96748000000001,12.0177
2020-03-11,4.03679,2.30137,1.14809,5.38627,27.72553,29.565070000000002,33.50202,75.82531,10.92418
2020-03-12,3.9270300000000002,2.1955,1.04999,5.0625,26.88298,27.3008,29.90843,73.17631,10.19608
2020-03-13,3.55534,2.0138599999999998,1.00304,4.77985,25.15375,25.45436,27.9696,69.69579,9.94098
2020-03-14,3.3241699999999996,2.26349,1.04772,4.93299,28.870070000000002,30.144240000000003,29.595409999999998,79.61747,9.90236
2020-03-15,3.30344,2.5552099999999998,1.2484600000000001,5.70713,31.78107,36.5785,32.15753,88.76416,10.51187
2020-03-16,4.01995,2.5590900000000003,1.28861,5.34515,29.89602,31.506659999999997,37.052859999999995,75.74809,10.24986
2020-03-17,4.08535,2.49887,1.20669,5.30339,27.94202,30.69858,35.36639,73.73893000000001,10.85661
2020-03-18,4.00247,2.59438,1.0069299999999999,5.05635,27.626240000000003,29.03554,32.8677,69.29727,11.710189999999999
2020-03-19,4.02351,2.4234299999999998,1.0351,5.14959,27.204279999999997,29.289270000000002,32.72428,66.28009,11.117230000000001
2020-03-20,3.6217099999999998,2.26349,0.8544299999999999,4.38582,25.62122,25.72878,29.915329999999997,64.6929,9.59623
2020-03-21,3.04572,2.64165,0.77446,4.83974,28.9928,29.87534,28.28952,70.25152,9.50798
2020-03-22,3.17814,3.1804099999999997,0.8230200000000001,5.1363199999999996,31.235,34.890640000000005,27.710359999999998,71.43605,10.3133
2020-03-23,3.8978900000000003,3.5712,0.88292,5.48632,33.03593,30.36763,30.710990000000002,64.06133,10.47188
2020-03-24,3.9131099999999996,3.2263900000000003,0.79259,5.2477,30.52621,28.24815,30.55655,63.62558000000001,9.96304
2020-03-25,3.70589,3.3782400000000004,0.7628,4.866619999999999,28.617720000000002,26.87057,32.66499,64.81563,10.18643
2020-03-26,3.71334,2.96769,0.71003,4.6335,28.763890000000004,26.436190000000003,35.217459999999996,64.9811,10.32709
2020-03-27,3.4413699999999996,2.75886,0.71521,4.32333,27.44422,26.991909999999997,36.88049,71.05408,10.684239999999999
2020-03-28,3.01755,2.8262,0.80166,4.0202800000000005,30.13045,29.38167,35.665620000000004,70.74795,10.15058
2020-03-29,3.12407,2.99554,0.89523,4.51759,32.79737,33.43032,33.8578,70.35632,10.44706
2020-03-30,3.66316,3.0386,0.90591,4.278969999999999,32.135459999999995,36.64607,39.90181,64.52053000000001,10.82903
2020-03-31,3.74183,2.86085,0.8184899999999999,4.01704,28.187479999999997,28.624609999999997,61.81499,61.8605,10.92004
2020-04-01,3.89109,2.8388299999999997,0.81428,4.20418,28.665979999999998,28.01097,56.059180000000005,61.99426,11.05242
2020-04-02,3.87879,2.86797,0.81428,4.0614,27.00157,27.52833,55.58619,60.43601999999999,10.6084
2020-04-03,3.6638,2.66399,0.71132,3.49382,26.52996,26.04181,47.46407,60.41948000000001,10.74216
2020-04-04,3.11987,2.89938,0.8431,4.76107,30.702720000000003,29.17206,41.016020000000005,66.00568,10.26779
2020-04-05,3.25035,2.98388,0.99365,4.2113,32.73118,32.32714,38.59731,68.58986,12.22593
2020-04-06,3.87814,3.0541400000000003,0.97941,4.21163,30.957829999999998,29.77191,43.59745,64.83906999999999,13.169139999999999
2020-04-07,3.85774,2.9851799999999997,0.9191799999999999,4.15658,29.6092,28.503259999999997,44.34898,64.5812,13.17741
2020-04-08,3.8130599999999997,2.7925299999999997,0.88745,3.7745300000000004,28.63978,27.89238,43.89392,62.84508,11.73501
2020-04-09,3.61686,2.65655,0.8567,3.45529,27.85515,26.575470000000003,46.84492,62.61342,11.252369999999999
2020-04-10,3.3996,2.5047,0.80619,3.42518,27.2815,25.15099,39.65498,61.60953000000001,10.875919999999999
2020-04-11,3.01788,2.62676,0.84893,3.54368,31.011609999999997,29.36788,35.11541,66.06773000000001,10.51187
2020-04-12,3.40867,2.97352,0.99495,4.17472,34.98579,35.843509999999995,34.970620000000004,72.58473000000001,11.45784
2020-04-13,3.83702,3.13638,1.0315299999999998,3.8431699999999998,31.536990000000003,31.1302,38.47044,70.548,10.20298
2020-04-14,4.18993,2.9337,0.8223799999999999,3.4452599999999998,27.89238,28.33503,34.80239,63.658669999999994,11.088280000000001
2020-04-15,3.47181,3.02727,0.8023,3.37985,30.86957,31.22948,32.33542,75.25304,10.06922
2020-04-16,3.7871599999999996,3.33679,0.74046,3.533,28.779059999999998,27.071890000000003,36.0476,65.85813,9.69552
2020-04-17,4.0231900000000005,2.97125,0.7783399999999999,3.3355,28.75286,26.763009999999998,34.04258,66.78066,10.97382
2020-04-18,3.7172300000000003,3.23642,0.65758,3.1771700000000003,30.946790000000004,29.781570000000002,28.042690000000004,69.15386,9.75895
2020-04-19,3.9801300000000004,3.78813,0.94735,3.8710199999999997,35.09887,36.357859999999995,31.807270000000003,76.17143,11.31581
2020-04-20,4.75394,3.54271,0.99916,3.5644,33.49237,31.079179999999997,32.41953,67.47565999999999,10.161610000000001
2020-04-21,4.6946900000000005,3.2807800000000005,1.12446,3.71755,30.77856,29.274109999999997,29.5499,66.23595999999999,10.0968
2020-04-22,4.8585199999999995,2.9855,1.3410600000000001,4.01445,29.9498,28.352959999999996,29.20516,65.07901,10.51876
2020-04-23,5.01555,2.85826,1.2186700000000001,3.92541,29.75399,27.219440000000002,27.154629999999997,61.9722,9.6638
2020-04-24,4.80186,2.72745,1.00984,3.26071,27.18635,25.57985,24.29052,61.74053000000001,9.45558
2020-04-25,4.68466,2.99457,0.8236700000000001,3.38115,30.01323,28.79147,23.001179999999998,66.90476,9.0543
2020-04-26,5.342890000000001,3.49965,0.9463799999999999,3.7220800000000005,33.428940000000004,35.2671,23.61344,71.08304,10.07611
2020-04-27,7.05111,3.5815599999999996,0.96516,3.83055,31.56733,30.563440000000003,24.74144,66.42075,9.81273
2020-04-28,6.9747,3.44299,1.2630299999999999,3.5028900000000003,29.94153,27.5697,23.35144,64.00066,9.459719999999999
2020-04-29,6.44986,4.12971,0.83468,3.4025199999999995,27.772409999999997,24.526320000000002,21.60015,63.15673,9.069469999999999
2020-04-30,6.08594,4.80834,0.65984,3.21182,31.439090000000004,28.220570000000002,20.69693,65.9188,9.05568
2020-05-01,6.752910000000001,7.6792300000000004,0.53454,3.26621,30.49863,27.53936,19.73854,68.44783000000001,9.79618
2020-05-02,6.25851,7.95217,0.47788,3.48961,32.4609,27.95719,17.72111,68.5609,9.46937
2020-05-03,7.47363,9.49948,0.5199699999999999,3.76935,35.70148,32.15063,21.19473,72.03728000000001,10.79318
2020-05-04,9.10253,12.34641,0.5138199999999999,3.8412300000000004,34.463159999999995,29.26721,21.67323,67.56667,10.41672
2020-05-05,8.63306,8.22478,0.5717800000000001,3.8489999999999998,36.55644,31.359109999999998,22.9998,74.60078,10.86764
2020-05-06,9.99938,9.60405,0.5222399999999999,4.033869999999999,33.15728,26.97675,20.89274,67.19848,10.420860000000001
2020-05-07,10.7324,7.58598,0.47431999999999996,4.0465,30.49587,23.94715,19.051820000000003,62.55412,10.09404
2020-05-08,11.55543,6.3579099999999995,0.43546999999999997,3.7075099999999996,28.8287,21.73115,18.06585,60.16299,9.729989999999999
2020-05-09,5.11463,5.48243,0.53972,3.2998800000000004,32.60569,27.0057,20.66245,65.32998,10.39328
2020-05-10,4.20224,5.3160099999999995,0.55429,3.21117,33.27863,30.189740000000004,20.91894,66.36421,10.00165
2020-05-11,5.28105,5.86125,0.61128,4.097980000000001,32.81392,28.130940000000002,22.44546,60.87729,9.6183
2020-05-12,5.04437,5.1797,0.59638,3.84544,31.189490000000003,26.97123,24.95932,62.73339,10.19608
2020-05-13,5.05117,4.70635,0.59315,3.64341,30.031159999999996,26.894009999999998,22.28825,61.6178,9.68035
2020-05-14,5.41606,4.68466,0.5351899999999999,3.6327199999999995,30.746840000000002,26.8747,21.11751,59.45006,10.60702
2020-05-15,6.08983,3.96135,0.58408,3.1619599999999997,28.54601,27.092579999999998,21.94765,60.44981,11.71295
2020-05-16,4.2096800000000005,4.38258,0.51415,2.92625,32.7298,30.06563,20.61281,66.53106,9.705169999999999
2020-05-17,3.71204,5.67216,0.5471699999999999,3.3393800000000002,35.06026,35.00786,21.18646,71.85526,10.314680000000001
2020-05-18,4.46255,6.18405,0.61225,3.80205,34.85479,33.04145,22.391679999999997,67.31018,10.698030000000001
2020-05-19,4.26408,4.61148,0.74564,3.22703,33.46617,30.86957,22.906029999999998,65.41548,10.709060000000001
2020-05-20,4.31459,4.30649,0.7077600000000001,3.04054,30.07667,27.652440000000002,29.893259999999998,62.589969999999994,9.93546
2020-05-21,4.31653,4.18864,0.63912,2.80386,29.475440000000003,26.2845,27.63727,61.278569999999995,9.423860000000001
2020-05-22,3.7395699999999996,4.43665,0.55365,2.79026,27.458009999999998,26.276229999999998,22.51441,60.092659999999995,9.041889999999999
2020-05-23,3.1179200000000002,4.99936,0.47723999999999994,2.59341,30.0615,28.885240000000003,21.85664,65.85675,8.920539999999999
2020-05-24,3.2471099999999997,5.08905,0.56304,2.8780099999999997,33.579240000000006,33.95708,23.58173,71.37951,10.25538
2020-05-25,3.92573,5.25385,0.60642,3.10303,31.858290000000004,30.30282,22.12002,66.10083,9.62105
2020-05-26,3.7152800000000004,4.8426599999999995,0.5905600000000001,3.09591,29.96773,28.15025,22.051070000000003,61.790169999999996,9.90236
2020-05-27,3.56149,4.9304,0.49245,2.91686,28.009590000000003,25.654320000000002,21.74632,58.065580000000004,9.1853
2020-05-28,3.3018300000000003,4.27411,0.41572,2.55877,27.834459999999996,22.834329999999998,21.47328,56.98033,8.91364
2020-05-29,2.91071,4.34793,0.38658000000000003,2.30428,25.58399,21.863529999999997,20.08328,54.611259999999994,8.331719999999999
2020-05-30,2.5590900000000003,5.4044,0.35679,2.27482,28.08268,25.55641,21.44984,60.58495,8.550980000000001
2020-05-31,2.7744,5.82822,0.41863,3.2361,31.41702,30.346940000000004,23.34454,66.93234,8.999139999999999
2020-06-01,3.36237,5.91402,0.41507,2.8647299999999998,30.49725,26.78645,21.62359,58.74265,9.65415
2020-06-02,3.3954,5.12563,0.43935,2.64068,29.0645,26.09834,21.74494,62.94023000000001,9.987860000000001
2020-06-03,3.25358,6.18728,0.35873,2.6886,28.74182,24.12366,19.98676,64.75909,9.6114
2020-06-04,3.2484,8.301839999999999,0.32603000000000004,2.92139,29.309959999999997,24.34981,19.62547,58.311040000000006,9.27218
2020-06-05,2.9201,8.58741,0.2833,2.79739,28.38605,22.4689,18.59262,62.720969999999994,8.88055
2020-06-06,2.47005,8.79236,0.28231999999999996,3.06871,32.328520000000005,26.2845,19.546870000000002,72.29653,8.967419999999999
2020-06-07,2.5739900000000002,8.591619999999999,0.34287,2.8602,34.43972,29.451990000000002,20.91204,68.97046,9.80584
2020-06-08,3.23124,11.986369999999999,0.32539,3.0152900000000002,34.11015,26.88298,19.53859,63.68212,10.18092
2020-06-09,3.34294,13.912820000000002,0.29495,2.7948,32.78082,23.934739999999998,19.52618,58.91089,10.65114
2020-06-10,3.2267099999999997,14.66721,0.27714,2.70155,32.28164,23.52105,19.54549,59.02534,10.687000000000001
2020-06-11,2.9502099999999998,16.781760000000002,0.28006,2.59147,32.73807,23.119770000000003,18.66433,58.761959999999995,9.96855
2020-06-12,2.8096900000000002,10.77449,0.25318,2.4279599999999997,30.26145,21.90352,17.55839,58.36068,9.21702
2020-06-13,2.44674,11.50557,0.24120999999999998,2.5131200000000002,34.03844,25.578470000000003,20.83069,63.916540000000005,9.74654
2020-06-14,2.48754,9.81548,0.28491,2.6924900000000003,36.766040000000004,30.3304,22.080029999999997,70.81551999999999,10.15058
2020-06-15,3.12472,8.0629,0.29948,2.60701,33.63854,26.575470000000003,20.287370000000003,64.08064,9.509360000000001
2020-06-16,3.28855,6.78982,0.27909,2.35511,31.15226,24.05058,19.78819,59.786530000000006,9.83342
2020-06-17,3.1308700000000003,5.723319999999999,0.28006,2.36839,29.05485,22.69367,18.63399,58.47375,8.74127
2020-06-18,3.19984,4.67915,0.30207,2.20165,28.952809999999996,22.95705,18.80636,58.55098,8.87917
2020-06-19,3.09591,4.513380000000001,0.27973000000000003,1.98958,26.93262,21.693920000000002,18.14997,62.339,8.519260000000001
2020-06-20,2.45969,4.63933,0.2943,1.8736700000000002,29.294790000000003,24.66284,18.2134,67.4922,8.40894
2020-06-21,2.5127900000000003,5.91629,0.31049,2.21233,32.82909,28.9404,19.465510000000002,73.4852,9.12049
2020-06-22,3.29924,8.46632,0.28976999999999997,2.25248,32.38368,25.84323,21.048560000000002,73.70859,9.07498
2020-06-23,3.3151,7.552960000000001,0.2901,2.28583,30.95369,24.48357,19.5579,67.17642,8.5427
2020-06-24,3.12505,5.52387,0.29980999999999997,2.2599299999999998,29.78984,24.27535,21.12854,64.29024,9.750680000000001
2020-06-25,3.08134,4.6853,0.31082,2.21395,29.18034,24.13745,20.168779999999998,65.51201,8.861239999999999
2020-06-26,2.88157,4.15756,0.28686,1.9682099999999998,28.72666,21.87594,18.85462,63.796569999999996,8.05317
2020-06-27,2.44674,4.46708,0.27066999999999997,1.69268,31.168809999999997,24.20364,19.62547,65.94362,7.97595
2020-06-28,2.6186700000000003,5.27716,0.31535,2.39882,34.17496,28.74458,21.17267,74.64491,9.14807
2020-06-29,3.26492,4.99969,0.31373,2.3075200000000002,31.967229999999997,26.57409,20.565920000000002,68.59538,9.53694
2020-06-30,3.2306,4.16889,0.31794,2.07117,29.35547,24.498739999999998,20.69417,62.11837,8.90813
