날짜,search0,search1,search2,search3,search4,search5,search6,search7,search8,search9,search10,search11,search12,search13,search14,search15,search16,search17,search18,search19,search20,search21,search22,search23,search24,search25,search26,search27,search28,search29
2018-12-29,0.0,0.0,0.0,0.0,0.0,0.0,0.0,0.0,0.0,0.0,0.0,0.0,0.0,0.0,0.0,2.08955,0.0,0.0,0.0,5.373130000000001,1.34228,0.0,0.0,0.67114,0.0,0.0,0.20635,0.0,0.0,0.0
2018-12-30,0.0,0.0,0.0,0.0,0.0,0.0,0.0,0.0,0.0,0.0,0.0,0.0,0.0,0.0,0.0,1.7910400000000002,0.0,0.0,0.0,3.5820800000000004,1.53403,0.0,0.0,0.67114,0.0,0.0,0.27812,0.0,0.0,0.0
2018-12-31,0.0,0.0,0.0,0.0,0.0,0.0,0.0,0.0,0.0,0.0,0.0,0.0,0.0,0.0,0.0,0.0,0.0,0.0,0.0,41.79104,2.9721900000000003,0.0,0.0,0.47938000000000003,0.0,0.0,0.24223000000000003,0.0,0.0,0.0
2019-01-01,0.0,0.0,0.0,0.0,0.0,0.0,0.0,0.0,0.0,0.0,0.0,0.0,0.0,0.0,0.0,2.38805,1.49253,0.0,0.0,7.462680000000001,1.9175400000000002,0.47938000000000003,0.0,0.47938000000000003,0.0,0.0,0.20635,0.0,0.0,0.0
2019-01-02,0.0,0.0,0.0,0.0,0.0,0.0,0.0,0.0,0.0,0.0,0.0,0.0,0.0,0.0,0.0,1.7910400000000002,0.0,0.0,0.0,5.67164,2.39693,0.0,0.0,1.15052,0.0,0.0,0.39476,0.0,0.0,0.0
2019-01-03,0.0,20.4301,0.0,0.0,0.0,0.0,0.0,0.0,0.0,0.0,0.0,0.0,0.0,0.0,0.0,1.49253,0.0,0.0,0.0,26.86567,2.68456,0.0,0.0,0.0,0.0,0.0,0.10765999999999999,0.0,0.0,0.0
2019-01-04,0.0,0.0,0.0,0.0,0.0,0.0,0.0,0.0,0.0,0.0,0.0,0.0,0.0,0.0,0.0,2.98507,0.0,0.0,0.0,1.49253,1.53403,0.0,0.0,0.0,0.0,0.0,0.40373000000000003,0.0,0.0,0.0
2019-01-05,0.0,0.0,0.0,0.0,0.0,0.0,0.0,0.0,0.0,0.0,0.0,0.0,0.0,0.0,0.0,3.28358,0.0,0.0,0.0,5.0746199999999995,2.58868,1.05465,0.0,0.0,0.0,0.0,2.87098,0.0,0.0,0.0
2019-01-06,0.0,5.37634,0.0,0.0,0.0,0.0,0.0,0.0,0.0,0.0,0.0,0.0,0.0,0.0,0.0,0.0,0.0,0.0,0.0,3.88059,3.16395,0.0,0.0,0.67114,0.0,0.0,0.7267100000000001,0.0,0.0,0.0
2019-01-07,0.0,0.0,0.0,0.0,38.70967,0.0,0.0,0.0,0.0,0.0,0.0,0.0,0.0,0.0,0.0,6.56716,0.0,0.0,0.0,4.477609999999999,8.8207,0.9587700000000001,0.0,0.0,0.0,0.0,0.51139,0.0,0.0,0.0
2019-01-08,0.0,6.45161,0.0,0.0,0.0,0.0,0.0,0.0,0.0,0.0,0.0,0.0,0.0,0.0,0.0,0.0,0.0,0.0,0.0,4.477609999999999,11.60115,0.8628899999999999,0.0,0.0,0.0,0.0,0.54728,0.0,0.0,0.0
2019-01-09,0.0,9.67741,0.0,0.0,0.0,0.0,0.0,0.0,0.0,0.0,0.0,0.0,0.0,0.0,0.0,1.49253,0.0,0.0,0.0,2.98507,4.50623,0.9587700000000001,0.0,0.47938000000000003,0.0,0.0,0.59214,0.0,0.0,0.0
2019-01-10,0.0,0.0,0.0,0.0,0.0,0.0,0.0,0.0,0.0,0.0,7.6923,0.0,0.0,0.0,0.0,0.0,0.0,0.0,0.0,61.194019999999995,3.06807,0.7670100000000001,0.47938000000000003,0.47938000000000003,0.0,0.0,0.65494,0.0,0.0,0.0
2019-01-11,0.0,0.0,0.0,0.0,0.0,0.0,0.0,0.0,0.0,0.0,37.6923,0.0,0.0,0.0,0.0,0.0,0.0,0.0,0.0,8.65671,3.73921,0.67114,0.0,0.0,0.0,0.0,0.52036,0.0,0.0,0.0
2019-01-12,0.0,0.0,0.0,0.0,0.0,0.0,0.0,0.0,0.0,0.0,12.30769,0.0,0.0,0.0,0.0,0.0,0.0,0.0,0.0,3.5820800000000004,2.78044,0.0,0.0,0.8628899999999999,0.0,0.0,0.33195,0.0,0.0,0.0
2019-01-13,0.0,0.0,0.0,0.0,0.0,0.0,0.0,0.0,0.0,0.0,8.46153,0.0,0.0,0.0,0.0,0.0,0.0,0.0,0.0,5.0746199999999995,3.54745,0.0,0.0,0.0,0.0,0.0,0.3499,0.0,0.0,0.0
2019-01-14,0.0,7.52688,0.0,0.0,7.52688,0.0,0.0,0.0,0.0,0.0,16.923070000000003,0.0,0.0,0.0,0.0,3.28358,0.0,0.0,0.0,3.88059,3.4515800000000003,1.53403,0.0,0.47938000000000003,0.0,0.0,0.88821,0.0,0.0,0.0
2019-01-15,0.0,6.45161,0.0,0.0,0.0,0.0,0.0,0.0,0.0,0.0,7.6923,0.0,0.0,0.0,0.0,0.0,0.0,0.0,0.0,2.08955,1.43815,0.7670100000000001,0.0,0.47938000000000003,0.0,0.0,0.49345,0.0,0.0,0.0
2019-01-16,0.0,7.52688,0.0,0.0,0.0,0.0,0.0,0.0,0.0,0.0,15.38461,0.0,0.0,0.0,0.0,1.49253,0.0,0.0,0.0,2.98507,2.9721900000000003,0.9587700000000001,0.0,2.01342,0.0,0.04485,0.55625,0.0,0.0,0.0
2019-01-17,0.0,6.45161,0.0,0.0,0.0,0.0,0.0,0.0,0.0,0.0,30.76923,0.0,0.0,0.0,0.0,0.0,0.0,0.0,0.0,5.97014,2.39693,0.0,0.0,0.47938000000000003,0.0,0.04485,0.30504000000000003,0.0,0.0,0.0
2019-01-18,0.0,0.0,0.0,0.0,0.0,0.0,0.0,0.0,0.0,0.0,11.53846,0.0,0.0,0.0,0.0,0.0,0.0,0.0,0.0,3.28358,1.7257900000000002,0.0,0.0,0.47938000000000003,0.0,0.0,0.1884,0.0,0.0,0.0
2019-01-19,0.0,0.0,0.0,0.0,0.0,0.0,0.0,0.0,0.0,0.0,28.46153,0.0,0.0,0.0,0.0,2.38805,0.0,0.0,0.0,34.02985,2.78044,1.53403,0.0,0.67114,0.0,0.0,0.54728,0.0,0.0,0.0
2019-01-20,0.0,0.0,0.0,0.0,0.0,0.0,0.0,0.0,0.0,0.0,38.461529999999996,0.0,0.0,0.0,0.0,2.68656,0.0,0.0,0.0,5.97014,4.2186,0.0,0.0,0.0,0.0,0.0,0.43961000000000006,0.0,0.0,0.0
2019-01-21,0.0,12.90322,0.0,0.0,0.0,0.0,0.0,0.0,0.0,0.0,21.53846,0.0,0.0,0.0,0.0,1.49253,1.49253,0.0,0.0,3.5820800000000004,2.39693,0.67114,0.0,1.34228,0.0,0.0,0.46653,0.0,0.0,0.0
2019-01-22,0.0,7.52688,0.0,0.0,0.0,0.0,0.0,0.0,0.0,0.0,20.76923,0.0,0.0,0.0,0.0,0.0,0.0,0.0,0.0,6.86567,1.15052,0.0,0.0,1.05465,0.0,0.0,0.8074600000000001,0.0,0.0,0.0
2019-01-23,0.0,11.82795,0.0,0.0,0.0,0.0,0.0,0.0,0.0,0.0,13.07692,0.0,0.0,0.0,0.0,0.0,0.0,0.0,0.0,2.98507,2.20517,1.43815,0.0,0.57526,0.0,0.0,0.69083,0.0,0.0,0.0
2019-01-24,0.0,6.45161,0.0,0.0,0.0,2.4948,0.0,0.0,0.0,0.0,16.923070000000003,0.0,0.0,0.0,0.0,0.0,0.0,0.0,0.0,10.14925,1.05465,0.0,0.0,1.05465,0.0,0.0,0.57419,0.0,0.0,0.0
2019-01-25,0.0,5.37634,0.0,0.0,0.0,0.0,0.0,0.0,0.0,0.0,13.84615,0.0,0.0,0.0,0.0,0.0,0.0,0.0,0.0,22.38805,2.30105,0.0,0.0,0.0,0.0,0.0,0.48446999999999996,0.0,0.0,0.0
2019-01-26,0.0,5.37634,0.0,0.0,0.0,0.0,0.0,0.0,0.0,0.0,16.923070000000003,0.0,0.0,0.0,0.0,1.49253,0.0,0.0,0.0,4.477609999999999,1.2464,0.0,0.0,2.58868,0.0,0.0,0.4127,0.0,0.0,0.0
2019-01-27,0.0,0.0,0.0,0.0,8.60215,0.0,0.0,0.0,0.0,0.0,30.0,0.0,0.0,0.0,0.0,2.08955,0.0,0.0,0.0,15.522379999999998,1.43815,0.0,0.0,5.17737,0.0,0.0,0.6998,0.0,0.0,0.0
2019-01-28,0.0,0.0,0.0,0.0,0.0,2.2869,0.0,0.0,0.0,0.0,19.23076,0.0,0.0,0.0,0.0,1.49253,0.0,0.0,0.0,5.373130000000001,2.1093,1.05465,0.0,1.53403,0.0,0.0,0.56522,0.0,0.0,0.0
2019-01-29,0.0,5.37634,0.0,0.0,9.67741,0.0,0.0,0.0,0.0,0.0,13.84615,0.0,0.0,0.0,0.0,0.0,0.0,0.0,0.0,5.0746199999999995,1.15052,0.0,0.0,0.57526,0.0,0.0,0.54728,0.0,0.0,0.0
2019-01-30,0.0,0.0,0.0,0.0,0.0,0.0,0.0,0.0,0.0,0.0,36.15384,0.0,0.0,0.0,0.0,0.0,0.0,0.0,0.0,4.77611,0.9587700000000001,0.0,0.0,0.47938000000000003,0.0,0.0,0.43961000000000006,0.0,0.0,0.0
2019-01-31,0.0,0.0,0.0,0.0,0.0,0.0,0.0,0.0,0.0,0.0,15.38461,0.0,0.0,0.0,0.0,0.0,0.0,0.0,0.0,42.08955,1.7257900000000002,0.0,0.0,1.34228,0.0,0.0,0.55625,0.0,0.0,0.0
2019-02-01,0.0,0.0,0.0,0.0,0.0,0.0,0.0,0.0,0.0,0.0,15.38461,0.0,0.0,0.0,0.0,0.0,0.0,0.0,0.0,2.98507,2.9721900000000003,0.0,0.0,3.4515800000000003,0.0,0.0,0.28709,0.0,0.0,0.0
2019-02-02,0.0,0.0,0.0,0.0,0.0,1.6632,0.0,0.0,0.0,0.0,9.23076,0.0,0.0,0.0,0.0,1.49253,0.0,0.0,0.0,1.7910400000000002,1.53403,0.0,0.0,1.05465,0.0,0.0,0.26915,0.0,0.0,0.0
2019-02-03,0.0,0.0,0.0,0.0,0.0,0.0,0.0,0.0,0.0,0.0,23.84615,0.0,0.0,0.0,0.0,0.0,0.0,0.0,0.0,0.0,1.53403,0.0,0.0,5.56088,0.0,0.0,0.37681,0.0,0.0,0.0
2019-02-04,0.0,0.0,0.0,0.0,0.0,0.0,0.0,0.0,0.0,0.0,9.23076,0.0,0.0,0.0,0.0,1.7910400000000002,0.0,0.0,0.0,1.49253,0.9587700000000001,0.9587700000000001,0.0,4.50623,0.0,0.0,0.63699,0.0,0.0,0.0
2019-02-05,0.0,0.0,0.0,0.0,0.0,0.0,0.0,0.0,0.0,0.0,12.30769,0.0,0.0,0.0,0.0,1.7910400000000002,0.0,0.0,2.98507,2.38805,1.15052,0.0,0.0,2.68456,0.0,0.0,0.37681,0.0,0.0,0.0
2019-02-06,0.0,0.0,0.0,0.0,0.0,0.0,0.0,0.0,0.0,0.0,9.23076,0.0,0.0,0.0,0.0,1.49253,2.68656,0.0,0.0,2.68656,1.8216599999999998,0.0,0.0,2.39693,0.0,0.0,0.40373000000000003,0.0,0.0,0.0
2019-02-07,0.0,0.0,0.0,0.0,0.0,0.0,0.0,0.0,0.0,0.0,13.07692,0.0,0.0,0.0,0.0,2.68656,0.0,0.0,0.0,15.22388,5.75263,0.0,0.0,2.1093,0.0,0.0,0.57419,0.0,0.0,0.0
2019-02-08,0.0,5.37634,0.0,0.0,0.0,0.0,0.0,0.0,0.0,0.0,19.23076,0.0,0.0,0.0,0.0,2.98507,0.0,0.0,0.0,4.77611,2.4928,2.01342,0.0,0.8628899999999999,0.0,0.0,0.49345,0.0,0.0,0.0
2019-02-09,0.0,0.0,0.0,0.0,0.0,3.5343,0.0,0.0,0.0,0.0,16.923070000000003,0.0,0.0,0.0,0.0,1.49253,0.0,0.0,0.0,2.98507,2.68456,0.0,0.0,2.68456,0.0,0.0,5.2933699999999995,0.0,0.0,0.0
2019-02-10,0.0,6.45161,0.0,0.0,0.0,0.0,0.0,0.0,0.0,0.0,19.23076,0.0,0.0,0.0,0.0,1.7910400000000002,0.0,0.0,0.0,1.7910400000000002,2.8763099999999997,0.0,0.0,1.05465,0.0,0.0,1.37268,0.0,0.0,0.0
2019-02-11,0.0,9.67741,0.0,0.0,0.0,0.0,0.0,0.0,0.0,0.0,24.61538,0.0,0.0,0.0,0.0,0.0,0.0,0.0,0.0,0.0,4.122719999999999,0.0,0.0,4.6021,0.0,0.0,0.94204,0.0,0.0,0.0
2019-02-12,0.0,0.0,0.0,0.0,0.0,0.0,0.0,0.0,0.0,0.0,42.30769,0.0,0.0,0.0,0.0,3.28358,0.0,0.0,0.0,12.53731,5.465,0.0,0.0,2.01342,0.0,0.0,0.5383,0.0,0.0,0.0
2019-02-13,0.0,0.0,0.0,0.0,0.0,0.0,0.0,0.0,0.0,0.0,38.461529999999996,0.0,0.0,0.0,0.0,2.38805,0.0,0.0,0.0,6.56716,6.2320199999999994,0.0,0.0,1.62991,0.0,0.0,0.68185,0.0,0.0,0.0
2019-02-14,0.0,8.60215,0.0,0.0,0.0,2.7027,0.0,0.0,0.0,0.0,23.84615,0.0,0.0,0.0,0.0,1.7910400000000002,0.0,0.0,4.1791,11.34328,4.122719999999999,0.0,0.0,0.67114,0.0,0.0,0.37681,0.0,0.0,0.0
2019-02-15,0.0,7.52688,0.0,0.0,0.0,0.0,0.0,0.0,0.0,0.0,8.46153,0.0,0.0,0.0,0.0,0.0,0.0,0.0,0.0,21.79104,4.41035,0.0,0.0,1.53403,0.0,0.0,0.34092,0.0,0.0,0.0
2019-02-16,0.0,8.60215,0.0,0.0,0.0,0.0,0.0,0.0,0.0,0.0,23.84615,0.0,0.0,0.0,0.0,1.7910400000000002,0.0,0.0,0.0,46.56716,72.19558,0.0,0.0,0.57526,0.0,0.0,0.49345,0.0,0.0,0.0
2019-02-17,0.0,5.37634,0.0,0.0,0.0,3.5343,0.0,0.0,0.0,0.0,23.84615,0.0,0.0,0.0,0.0,0.0,1.7910400000000002,0.0,0.0,6.26865,7.86193,0.0,0.0,3.64333,0.0,0.0,0.66391,0.0,0.0,0.0
2019-02-18,0.0,6.45161,0.0,0.0,0.0,0.0,0.0,0.0,0.0,0.0,21.53846,0.0,0.0,0.0,0.0,3.88059,2.38805,0.0,0.0,5.373130000000001,10.64237,0.0,0.0,1.8216599999999998,0.0,0.0,0.52036,0.0,0.0,0.0
2019-02-19,0.0,17.2043,0.0,0.0,0.0,0.0,0.0,0.0,0.0,0.0,50.76923,0.0,0.0,0.0,0.0,1.7910400000000002,0.0,0.0,0.0,5.373130000000001,7.38255,0.0,0.0,2.20517,0.0,0.0,0.42167,0.0,0.0,0.0
2019-02-20,0.0,10.75268,0.0,0.0,0.0,0.0,0.0,0.0,0.0,0.0,26.923070000000003,0.0,0.0,0.0,0.0,0.0,0.0,0.0,0.0,25.37313,8.91658,0.0,0.0,2.01342,0.0,0.0,0.38578,0.0,0.0,0.0
2019-02-21,0.0,0.0,0.0,0.0,0.0,3.7422,0.0,0.0,0.0,0.0,16.15384,0.0,0.0,0.0,0.0,0.0,0.0,0.0,0.0,54.62686,6.04026,0.0,0.0,1.43815,0.0,0.0,0.62802,0.0,0.0,0.0
2019-02-22,0.0,0.0,0.0,0.0,0.0,0.0,0.0,0.0,0.0,0.0,18.46153,0.0,0.0,0.0,0.0,1.49253,0.0,0.0,0.0,17.01492,3.93096,0.0,0.0,0.8628899999999999,0.0,0.0,0.43063999999999997,0.0,0.0,0.0
2019-02-23,0.0,7.52688,0.0,0.0,0.0,0.0,0.0,0.0,0.0,0.0,13.84615,0.0,0.0,0.0,0.0,0.0,0.0,0.0,0.0,6.26865,2.20517,0.0,0.0,2.9721900000000003,0.0,0.0,0.39476,0.0,0.0,0.0
2019-02-24,0.0,0.0,0.0,0.0,0.0,0.0,0.0,0.0,0.0,0.0,13.07692,0.0,0.0,0.0,0.0,1.7910400000000002,0.0,0.0,0.0,24.477610000000002,4.122719999999999,0.0,0.0,5.84851,0.0,0.0,0.43063999999999997,0.0,0.0,0.0
2019-02-25,0.0,20.4301,0.0,0.0,0.0,0.0,0.0,0.0,0.0,0.0,16.15384,0.0,0.0,0.0,0.0,4.77611,0.0,0.0,0.0,9.55223,14.860970000000002,0.0,0.0,2.68456,0.0,0.0,0.75363,0.0,0.0,0.0
2019-02-26,0.0,0.0,0.0,0.0,0.0,0.0,0.0,0.0,0.0,2.4948,25.384610000000002,0.0,0.0,0.0,0.0,1.49253,0.0,0.0,0.0,5.373130000000001,3.93096,0.0,0.0,10.93,0.0,0.0,0.75363,0.0,0.0,0.0
2019-02-27,0.0,6.45161,0.0,0.0,0.0,3.9501,0.0,0.0,0.0,0.0,35.384609999999995,0.0,0.0,0.0,0.0,0.0,0.0,0.0,0.0,20.2985,2.30105,0.0,0.0,2.30105,0.0,0.0,0.42167,0.0,0.0,0.0
2019-02-28,0.0,0.0,0.0,0.0,0.0,0.0,0.0,0.0,0.0,0.0,14.615379999999998,0.0,0.0,0.0,0.0,0.0,0.0,0.0,0.0,36.716409999999996,3.73921,0.0,0.0,2.01342,0.0,0.0,0.42167,0.0,0.0,0.0
2019-03-01,0.0,0.0,0.0,0.0,0.0,0.0,0.0,0.0,0.0,0.0,13.07692,0.0,0.0,0.0,0.0,1.7910400000000002,0.0,0.0,0.0,36.716409999999996,3.16395,0.0,0.0,0.7670100000000001,0.0,0.0,0.46653,0.0,0.0,0.0
2019-03-02,0.0,6.45161,0.0,0.0,0.0,3.3264,0.0,0.0,0.0,0.0,16.15384,0.0,0.0,0.0,0.0,0.0,1.7910400000000002,0.0,0.0,4.477609999999999,1.9175400000000002,0.0,0.0,3.93096,0.0,0.0,2.75435,0.0,0.0,0.0
2019-03-03,0.0,0.0,0.0,0.0,0.0,1.4553,0.0,0.0,0.0,0.0,12.30769,0.0,0.0,0.0,0.0,2.98507,0.0,0.0,0.0,5.0746199999999995,2.58868,0.0,0.0,5.65675,0.0,0.0,0.54728,0.0,0.0,0.0
2019-03-04,0.0,0.0,0.0,0.0,0.0,2.079,0.0,0.0,0.0,0.0,7.6923,0.0,0.0,0.0,0.0,1.7910400000000002,0.0,0.0,0.0,3.5820800000000004,2.20517,0.0,0.0,2.8763099999999997,0.0,0.0,0.67288,0.0,0.0,0.0
2019-03-05,0.0,0.0,0.0,0.0,0.0,0.0,0.0,0.0,0.0,0.0,13.07692,0.0,0.0,0.0,0.0,2.68656,0.0,0.0,1.49253,22.08955,2.8763099999999997,0.0,0.0,2.58868,0.0,0.0,0.54728,0.0,0.0,0.0
2019-03-06,0.0,0.0,0.0,0.0,0.0,2.7027,0.0,0.0,0.0,0.0,5.3846099999999995,0.0,0.0,0.0,0.0,1.7910400000000002,0.0,0.0,0.0,5.67164,4.31447,0.0,0.0,1.05465,0.0,0.0,0.40373000000000003,0.0,0.0,0.0
2019-03-07,0.0,10.75268,0.0,0.0,0.0,0.0,0.0,0.0,0.0,0.0,3.84615,0.0,0.0,0.0,0.0,0.0,0.0,0.0,0.0,6.86567,1.62991,0.0,0.0,1.05465,0.0,0.0,0.6100800000000001,0.0,0.0,0.0
2019-03-08,0.0,5.37634,0.0,0.0,0.0,2.7027,0.0,0.0,0.0,0.0,6.15384,0.0,0.0,0.0,0.0,2.68656,0.0,0.0,0.0,71.04477,1.34228,0.0,0.0,1.15052,0.0,0.0,0.45756,0.0,0.0,0.0
2019-03-09,0.0,7.52688,0.0,0.0,0.0,1.2474,0.0,0.0,0.0,0.0,9.23076,0.0,0.0,0.0,0.0,0.0,0.0,0.0,0.0,9.55223,2.39693,0.0,0.0,1.8216599999999998,0.0,0.0,0.51139,0.0,0.0,0.0
2019-03-10,0.0,0.0,0.0,0.0,5.37634,0.0,0.0,0.0,0.0,0.0,13.07692,0.0,0.0,0.0,0.0,1.49253,1.7910400000000002,0.0,0.0,6.56716,1.7257900000000002,0.0,0.0,1.2464,0.0,0.0,0.38578,0.0,0.0,0.0
2019-03-11,0.0,6.45161,0.0,0.0,0.0,1.8711,0.0,0.0,0.0,0.0,4.61538,0.0,0.0,0.0,0.0,0.0,0.0,0.0,0.0,12.83582,1.8216599999999998,0.0,0.57526,0.9587700000000001,0.0,0.0,0.54728,0.0,0.0,0.0
2019-03-12,0.0,7.52688,0.0,0.0,0.0,0.0,0.0,0.0,0.0,0.0,0.0,0.0,0.0,0.0,0.0,1.49253,0.0,0.0,0.0,11.94029,2.1093,0.0,0.0,1.05465,0.0,0.0,0.40373000000000003,0.0,0.0,0.0
2019-03-13,0.0,9.67741,0.0,0.0,0.0,2.9106,0.0,0.0,0.0,0.0,4.61538,0.0,0.0,0.0,0.0,0.0,0.0,0.0,0.0,46.86567,3.06807,0.0,0.0,2.1093,0.0,0.0,0.24223000000000003,0.0,0.0,0.0
2019-03-14,0.0,0.0,0.0,0.0,0.0,0.0,0.0,0.0,0.0,0.0,8.46153,0.0,0.0,0.0,0.0,2.08955,0.0,0.0,0.0,46.86567,1.62991,0.0,0.0,0.7670100000000001,0.0,0.0,0.30504000000000003,0.0,0.0,0.0
2019-03-15,0.0,5.37634,0.0,0.0,0.0,0.0,0.0,0.0,0.0,0.0,24.61538,0.0,0.0,0.0,0.0,0.0,0.0,0.0,0.0,12.2388,1.9175400000000002,0.0,0.0,0.47938000000000003,0.0,0.0,0.31401,0.0,0.0,0.0
2019-03-16,0.0,10.75268,0.0,0.0,0.0,0.0,0.0,0.0,0.0,0.0,14.615379999999998,0.0,0.0,0.0,0.0,0.0,0.0,0.0,0.0,10.746260000000001,1.43815,0.0,0.0,1.15052,0.0,0.0,0.26915,0.0,0.0,0.0
2019-03-17,0.0,0.0,0.0,0.0,0.0,0.0,0.0,0.0,0.0,0.0,17.6923,0.0,0.0,0.0,0.0,0.0,0.0,0.0,0.0,3.28358,1.9175400000000002,0.0,0.0,0.67114,0.0,0.0,0.33195,0.0,0.0,0.0
2019-03-18,0.0,15.05376,0.0,0.0,0.0,0.0,0.0,0.0,0.0,0.0,12.30769,0.0,0.0,0.0,0.0,0.0,0.0,0.0,0.0,13.13432,2.68456,0.0,0.0,0.47938000000000003,0.0,0.0,0.23326,0.0,0.0,0.0
2019-03-19,0.0,0.0,0.0,0.0,0.0,0.0,0.0,0.0,0.0,0.0,9.23076,0.0,0.0,0.0,0.0,1.49253,0.0,0.0,0.0,6.26865,2.8763099999999997,0.0,0.0,0.7670100000000001,0.0,0.0,0.38578,0.0,0.0,0.0
2019-03-20,0.0,7.52688,0.0,0.0,0.0,0.0,0.0,0.0,0.0,0.0,3.84615,0.0,0.0,0.0,0.0,0.0,0.0,0.0,0.0,8.65671,2.20517,0.0,0.0,1.9175400000000002,0.0,0.0,0.31401,0.0,0.0,0.0
2019-03-21,0.0,0.0,0.0,0.0,0.0,0.0,0.0,0.0,0.0,0.0,0.0,0.0,0.0,0.0,0.0,0.0,0.0,0.0,2.08955,10.14925,1.62991,0.0,0.0,0.47938000000000003,0.0,0.0,0.36784,0.0,0.0,0.0
2019-03-22,0.0,0.0,0.0,0.0,0.0,0.0,0.0,0.0,0.0,0.0,0.0,0.0,0.0,0.0,0.0,1.49253,0.0,0.0,0.0,4.77611,1.7257900000000002,0.0,0.0,1.8216599999999998,0.0,0.0,0.33195,0.0,0.0,0.0
2019-03-23,0.0,0.0,0.0,0.0,0.0,0.0,0.0,0.0,0.0,0.0,6.15384,0.0,0.0,0.0,0.0,0.0,0.0,0.0,2.08955,6.26865,2.20517,0.0,0.0,0.57526,0.0,0.0,0.31401,0.0,0.0,0.0
2019-03-24,0.0,0.0,0.0,0.0,0.0,0.0,0.0,0.0,0.0,0.0,17.6923,0.0,0.0,0.0,0.0,3.88059,0.0,0.0,0.0,6.86567,3.64333,0.0,0.0,2.4928,0.0,0.0,0.55625,0.0,0.0,0.0
2019-03-25,0.0,10.75268,5.37634,0.0,0.0,0.0,0.0,0.0,0.0,0.0,0.0,0.0,0.0,0.0,0.0,7.462680000000001,0.0,0.0,0.0,30.746259999999996,3.06807,0.0,0.0,1.9175400000000002,0.0,0.0,0.75363,0.0,0.0,0.0
2019-03-26,0.0,7.52688,0.0,0.0,0.0,0.0,0.0,0.0,0.0,0.0,4.61538,0.0,0.0,0.0,0.0,0.0,0.0,0.0,0.0,9.55223,4.122719999999999,0.0,0.0,0.0,0.0,0.0,0.54728,0.0,0.0,0.0
2019-03-27,0.0,5.37634,0.0,0.0,0.0,0.0,0.0,0.0,0.0,0.0,6.92307,0.0,0.0,0.0,0.0,1.49253,0.0,0.0,0.0,22.68656,3.16395,0.0,0.0,1.2464,0.0,0.0,0.24223000000000003,0.0,0.0,0.0
2019-03-28,0.0,0.0,0.0,0.0,0.0,0.0,0.0,0.0,0.0,0.0,3.84615,0.0,0.0,0.0,0.0,2.08955,0.0,0.0,0.0,6.56716,4.69798,0.0,0.0,0.47938000000000003,0.0,0.0,0.59214,0.0,0.0,0.0
2019-03-29,0.0,0.0,0.0,0.0,0.0,0.0,0.0,0.0,0.0,0.0,7.6923,0.0,0.0,0.0,0.0,0.0,0.0,0.0,0.0,36.41791,7.0949100000000005,0.0,0.0,1.15052,0.0,0.0,0.32298000000000004,0.0,0.0,0.0
2019-03-30,0.0,0.0,0.0,0.0,0.0,0.0,0.0,0.0,0.0,0.0,6.15384,0.0,0.0,0.0,0.0,0.0,0.0,0.0,0.0,8.65671,1.7257900000000002,0.0,0.0,5.75263,0.0,0.0,0.4755,0.0,0.0,0.0
2019-03-31,0.0,0.0,0.0,0.0,0.0,0.0,0.0,0.0,0.0,0.0,7.6923,0.0,0.0,0.0,0.0,0.0,0.0,0.0,0.0,8.3582,2.39693,0.0,0.0,2.39693,0.0,0.0,0.33195,0.0,0.0,0.0
2019-04-01,0.0,0.0,0.0,0.0,0.0,0.0,0.0,0.0,0.0,0.0,6.15384,0.0,0.0,0.0,0.0,2.08955,0.0,0.0,0.0,5.97014,4.985609999999999,0.0,0.0,3.16395,0.0,0.0,0.3499,0.0,0.0,0.0
2019-04-02,0.0,0.0,0.0,0.0,0.0,0.0,0.0,0.0,0.0,0.0,6.15384,0.0,0.0,0.0,0.0,0.0,0.0,0.0,0.0,6.56716,4.6021,0.0,0.0,3.06807,0.0,0.0,0.43063999999999997,0.0,0.0,0.0
2019-04-03,0.0,0.0,0.0,0.0,0.0,0.0,0.0,0.0,0.0,0.0,0.0,0.0,0.0,0.0,0.0,1.7910400000000002,0.0,0.0,0.0,5.67164,3.25982,0.0,0.0,1.8216599999999998,0.0,0.09869,0.33195,0.0,0.0,0.0
2019-04-04,0.0,0.0,0.0,0.0,7.52688,0.0,0.0,0.0,0.0,0.0,0.0,0.0,0.0,0.0,0.0,0.0,0.0,0.0,0.0,11.94029,4.50623,0.0,0.0,2.58868,0.0,0.0,0.57419,0.0,0.0,0.0
2019-04-05,0.0,0.0,0.0,0.0,0.0,0.0,0.0,0.0,0.0,0.0,0.0,0.0,0.0,0.0,0.0,0.0,0.0,0.0,0.0,6.56716,3.64333,0.0,0.0,3.54745,0.0,0.0,0.25121,0.0,0.0,0.0
2019-04-06,0.0,0.0,0.0,0.0,0.0,0.0,0.0,0.0,0.0,0.0,0.0,0.0,0.0,0.0,0.0,0.0,0.0,0.0,1.7910400000000002,6.26865,2.30105,0.0,0.0,2.39693,0.0,0.0,0.26018,0.0,0.0,0.0
2019-04-07,0.0,0.0,0.0,0.0,0.0,0.0,0.0,0.0,0.0,0.0,5.3846099999999995,0.0,0.0,0.0,0.0,1.49253,0.0,0.0,0.0,8.0597,1.9175400000000002,0.0,0.0,2.8763099999999997,0.0,0.0,0.29607,0.0,0.0,0.0
2019-04-08,0.0,0.0,0.0,0.0,0.0,0.0,0.0,0.0,0.0,0.0,0.0,0.0,0.0,0.0,0.0,0.0,0.0,0.0,0.0,19.104470000000003,2.20517,0.0,0.0,4.985609999999999,0.0,0.0,0.29607,0.0,0.0,0.0
2019-04-09,0.0,0.0,0.0,0.0,0.0,0.0,0.0,0.0,0.0,0.0,7.6923,0.0,0.0,0.0,0.0,0.0,0.0,0.0,0.0,28.95522,1.34228,0.0,0.0,0.67114,0.0,0.0,0.19738,0.0,0.0,0.0
2019-04-10,0.0,0.0,0.0,0.0,0.0,0.0,0.0,0.0,0.0,0.0,6.15384,0.0,0.0,0.0,0.0,1.7910400000000002,0.0,0.0,0.0,8.0597,15.34036,0.0,0.0,2.8763099999999997,0.0,0.0,0.48446999999999996,0.0,0.0,0.0
2019-04-11,0.0,0.0,0.0,0.0,0.0,0.0,0.0,0.0,0.0,0.0,0.0,0.0,0.0,0.0,0.0,1.49253,0.0,0.0,0.0,10.14925,5.27325,0.0,0.0,2.9721900000000003,0.0,0.0,0.33195,0.0,0.0,0.0
2019-04-12,0.0,5.37634,0.0,0.0,9.67741,0.0,0.0,0.0,0.0,0.0,4.61538,0.0,0.0,0.0,0.0,0.0,0.0,0.0,0.0,52.53731,2.39693,0.0,0.0,2.20517,0.0,0.0,0.25121,0.0,0.0,0.0
2019-04-13,0.0,5.37634,0.0,0.0,0.0,0.0,0.0,0.0,0.0,0.0,0.0,0.0,0.0,0.0,0.0,2.68656,0.0,0.0,0.0,8.65671,2.4928,0.0,0.0,1.8216599999999998,0.0,0.0,0.35886999999999997,0.0,0.0,0.0
2019-04-14,0.0,6.45161,0.0,0.0,0.0,0.0,0.0,0.0,0.0,0.0,0.0,0.0,0.0,0.0,0.0,0.0,0.0,0.0,0.0,7.761189999999999,1.7257900000000002,0.0,0.0,3.93096,0.0,0.0,0.4127,0.0,0.0,0.0
2019-04-15,0.0,0.0,0.0,0.0,0.0,0.0,0.0,0.0,0.0,0.0,10.0,0.0,0.0,0.0,0.0,0.0,4.77611,0.0,0.0,6.26865,3.83509,0.0,0.0,3.16395,0.0,0.0,0.16149000000000002,0.0,0.0,0.0
2019-04-16,0.0,9.67741,0.0,0.0,0.0,0.0,0.0,0.0,0.0,0.0,0.0,0.0,0.0,0.0,0.0,0.0,1.7910400000000002,0.0,0.0,5.373130000000001,2.01342,0.0,0.0,5.0814900000000005,0.0,0.0,0.36784,0.0,0.0,0.0
2019-04-17,0.0,0.0,0.0,0.0,0.0,0.0,0.0,0.0,0.0,0.0,3.84615,0.0,0.0,0.0,0.0,2.38805,2.38805,0.0,0.0,53.134319999999995,9.39597,0.0,0.0,2.1093,0.0,0.0,0.20635,0.0,0.0,0.0
2019-04-18,0.0,5.37634,0.0,0.0,0.0,0.0,0.0,0.0,0.0,0.0,0.0,0.0,0.0,0.0,0.0,0.0,1.49253,0.0,1.7910400000000002,11.34328,3.4515800000000003,0.0,0.0,1.7257900000000002,0.0,0.0,0.38578,0.0,0.0,0.0
2019-04-19,0.0,0.0,0.0,0.0,0.0,0.0,0.0,0.0,0.0,0.0,4.61538,0.0,0.0,0.0,0.0,0.0,1.49253,0.0,0.0,6.26865,2.39693,0.0,0.0,2.9721900000000003,0.0,0.0,0.22429000000000002,0.0,0.0,0.0
2019-04-20,0.0,5.37634,0.0,0.0,0.0,0.0,0.0,0.0,0.0,0.0,0.0,0.0,0.0,0.0,0.0,0.0,0.0,0.0,0.0,8.65671,2.01342,0.0,0.0,2.1093,0.0,0.0,0.26018,0.0,0.0,0.0
2019-04-21,0.0,0.0,0.0,0.0,0.0,0.0,0.0,0.0,0.0,0.0,9.23076,0.0,0.0,0.0,0.0,0.0,0.0,0.0,0.0,5.67164,2.30105,0.0,0.0,1.9175400000000002,0.0,0.0,0.6459699999999999,0.0,0.0,0.0
2019-04-22,0.0,6.45161,0.0,0.0,0.0,0.0,0.0,0.0,0.0,0.0,0.0,0.0,0.0,0.0,0.0,0.0,0.0,0.0,0.0,14.62686,1.43815,0.0,0.0,2.20517,0.0,0.0,0.46653,0.0,0.0,0.0
2019-04-23,0.0,7.52688,0.0,0.0,0.0,0.0,0.0,0.0,0.0,0.0,0.0,0.0,0.0,0.0,0.0,1.49253,0.0,0.0,0.0,10.14925,2.1093,0.0,0.0,1.2464,0.0,0.0,0.44859,0.0,0.0,0.0
2019-04-24,0.0,0.0,0.0,0.0,0.0,0.0,0.0,0.0,0.0,0.0,0.0,0.0,0.0,0.0,0.0,0.0,0.0,0.0,0.0,7.462680000000001,3.25982,0.0,0.0,1.05465,13.326939999999999,0.0,0.9599799999999999,0.0,0.0,0.0
2019-04-25,0.0,6.45161,0.0,0.0,0.0,0.0,0.0,0.0,0.0,0.0,5.3846099999999995,0.0,0.0,0.0,0.0,0.0,0.0,0.0,0.0,6.86567,3.16395,0.0,0.0,0.57526,1.15052,0.0,0.43961000000000006,0.0,0.0,0.0
2019-04-26,0.0,5.37634,0.0,0.0,0.0,0.0,0.0,0.0,0.0,0.0,0.0,0.0,0.0,0.0,0.0,0.0,0.0,0.0,0.0,100.0,3.83509,0.0,0.0,1.05465,0.47938000000000003,0.0,0.30504000000000003,0.0,0.0,0.0
2019-04-27,0.0,0.0,0.0,0.0,0.0,0.0,0.0,0.0,0.0,0.0,0.0,0.0,0.0,0.0,0.0,0.0,0.0,0.0,0.0,10.44776,2.1093,0.0,0.0,1.43815,0.47938000000000003,0.0,0.1884,0.0,0.0,0.0
2019-04-28,0.0,0.0,0.0,0.0,0.0,0.0,0.0,0.0,0.0,0.0,6.15384,0.0,0.0,0.0,0.0,0.0,0.0,0.0,0.0,6.86567,4.2186,0.0,0.0,2.20517,0.0,0.0,0.37681,0.0,0.0,0.0
2019-04-29,0.0,0.0,0.0,0.0,0.0,0.0,0.0,0.0,0.0,0.0,0.0,0.0,0.0,0.0,0.0,0.0,0.0,0.0,0.0,39.70149,1.8216599999999998,0.0,0.0,1.43815,0.0,0.0,0.27812,0.0,0.0,0.0
2019-04-30,0.0,0.0,0.0,0.0,0.0,0.0,0.0,0.0,0.0,0.0,4.61538,0.0,0.0,0.0,0.0,0.0,0.0,0.0,0.0,12.53731,2.8763099999999997,0.0,0.0,1.53403,0.0,0.09869,0.23326,0.0,0.0,0.0
2019-05-01,0.0,5.37634,0.0,0.0,0.0,0.0,0.0,0.0,0.0,0.0,0.0,0.0,0.0,0.0,0.0,0.0,0.0,0.0,0.0,11.34328,3.25982,0.0,0.0,1.8216599999999998,0.0,0.0,0.36784,0.0,0.0,0.0
2019-05-02,0.0,0.0,0.0,0.0,0.0,0.0,0.0,0.0,0.0,0.0,0.0,0.0,0.0,0.0,0.0,1.7910400000000002,0.0,0.0,2.98507,29.253729999999997,1.8216599999999998,0.0,0.0,1.2464,0.0,0.11663,0.31401,0.0,0.0,0.0
2019-05-03,0.0,0.0,0.0,0.0,0.0,0.0,0.0,0.0,0.0,0.0,0.0,0.0,0.0,0.0,0.0,0.0,0.0,0.0,0.0,17.01492,1.62991,0.0,0.0,1.53403,0.0,0.0,0.21531999999999998,0.0,0.0,0.0
2019-05-04,0.0,0.0,0.0,0.0,0.0,0.0,0.0,0.0,0.0,0.0,3.84615,0.0,0.0,0.0,0.0,0.0,0.0,0.0,0.0,8.0597,0.8628899999999999,0.0,0.0,1.05465,0.0,0.0,0.33195,0.0,0.0,0.0
2019-05-05,0.0,0.0,0.0,0.0,0.0,0.0,0.0,0.0,0.0,0.0,6.92307,0.0,0.0,0.0,0.0,0.0,0.0,0.0,0.0,5.373130000000001,2.01342,0.0,0.0,1.15052,0.0,0.0,0.17943,0.0,0.0,0.0
2019-05-06,0.0,8.60215,0.0,0.0,0.0,0.0,0.0,0.0,0.0,0.0,3.84615,0.0,0.0,0.0,0.0,0.0,0.0,0.0,0.0,34.32835,3.64333,0.0,0.0,3.25982,0.0,0.0,0.23326,0.0,0.0,0.0
2019-05-07,0.0,8.60215,0.0,0.0,0.0,0.0,0.0,0.0,0.0,0.0,4.61538,0.0,0.0,0.0,0.0,2.08955,0.0,0.0,0.0,5.0746199999999995,3.3557,0.0,0.0,1.62991,0.0,0.0,0.30504000000000003,0.0,0.0,0.0
2019-05-08,0.0,5.37634,0.0,0.0,0.0,0.0,0.0,0.0,0.0,0.0,0.0,0.0,0.0,0.0,0.0,0.0,0.0,0.0,0.0,13.73134,3.4515800000000003,0.0,0.0,4.41035,0.0,0.0,0.26018,0.0,0.0,0.0
2019-05-09,0.0,0.0,0.0,0.0,0.0,0.0,0.0,0.0,0.0,0.0,0.0,0.0,0.0,0.0,0.0,1.49253,0.0,0.0,2.68656,8.3582,4.122719999999999,0.0,0.0,2.20517,0.0,0.10765999999999999,0.17046,0.0,0.0,0.0
2019-05-10,0.0,6.45161,0.0,0.0,0.0,0.0,0.0,0.0,0.0,0.0,0.0,0.0,0.0,0.0,0.0,0.0,0.0,0.0,0.0,5.0746199999999995,3.25982,0.0,0.0,1.15052,0.0,0.0,0.24223000000000003,0.0,0.0,0.0
2019-05-11,0.0,7.52688,0.0,0.0,0.0,0.0,0.0,0.0,0.0,0.0,0.0,0.0,0.0,0.0,0.0,0.0,0.0,0.0,0.0,17.31343,2.30105,0.0,0.0,1.34228,0.0,0.0,0.20635,0.0,0.0,0.0
2019-05-12,0.0,13.978489999999999,0.0,0.0,0.0,0.0,0.0,0.0,0.0,0.0,6.92307,0.0,0.0,0.0,0.0,2.38805,0.0,0.0,0.0,7.761189999999999,3.16395,0.0,0.0,2.1093,0.0,0.26915,0.32298000000000004,0.0,0.0,0.0
2019-05-13,0.0,6.45161,0.0,0.0,0.0,0.0,0.0,0.0,0.0,0.0,3.84615,0.0,0.0,0.0,0.0,0.0,0.0,0.0,0.0,3.28358,2.58868,0.0,0.0,3.3557,0.0,0.04485,0.35886999999999997,0.0,0.0,0.0
2019-05-14,0.0,0.0,0.0,0.0,0.0,0.0,0.0,0.0,0.0,0.0,4.61538,0.0,0.0,0.0,0.0,0.0,0.0,0.0,2.08955,5.373130000000001,3.25982,0.0,0.0,2.78044,0.0,0.0,0.28709,0.0,0.0,0.0
2019-05-15,0.0,6.45161,0.0,0.0,0.0,0.0,0.0,0.0,0.0,0.0,0.0,0.0,0.0,0.0,0.0,0.0,0.0,0.0,0.0,92.53730999999999,3.54745,0.0,0.0,0.57526,0.0,0.15252000000000002,0.31401,0.0,0.0,0.0
2019-05-16,0.0,8.60215,0.0,0.0,0.0,0.0,0.0,0.0,0.0,0.0,0.0,0.0,0.0,0.0,0.0,0.0,0.0,0.0,0.0,12.53731,3.16395,0.0,0.0,1.9175400000000002,0.0,0.0,0.1256,0.0,0.0,0.0
2019-05-17,0.0,0.0,0.0,0.0,0.0,0.0,0.0,0.0,0.0,0.0,0.0,0.0,0.0,0.0,0.0,0.0,0.0,0.0,0.0,5.67164,2.58868,0.0,0.0,1.34228,0.0,0.0,0.15252000000000002,0.0,0.0,0.0
2019-05-18,0.0,0.0,0.0,0.0,0.0,0.0,0.0,0.0,0.0,0.0,5.3846099999999995,0.0,0.0,0.0,0.0,0.0,0.0,0.0,0.0,5.97014,2.20517,0.0,0.0,0.7670100000000001,0.9587700000000001,0.0,0.1884,0.0,0.0,0.0
2019-05-19,0.0,5.37634,0.0,0.0,0.0,0.0,0.0,0.0,0.0,0.0,0.0,0.0,0.0,0.0,0.0,0.0,0.0,0.0,0.0,9.253730000000001,1.8216599999999998,0.0,0.0,1.53403,6.423769999999999,0.0,0.31401,0.0,0.0,0.0
2019-05-20,0.0,7.52688,0.0,0.0,0.0,0.0,0.0,0.0,0.0,0.0,4.61538,0.0,0.0,0.0,0.0,2.38805,0.0,0.0,0.0,24.477610000000002,2.30105,0.0,0.0,2.01342,0.0,0.0,0.34092,0.0,0.0,0.0
2019-05-21,0.0,6.45161,0.0,0.0,0.0,0.0,0.0,0.0,0.0,0.0,0.0,0.0,0.0,0.0,0.0,2.08955,0.0,0.0,0.0,7.761189999999999,5.17737,0.0,0.0,1.2464,0.0,0.0,0.36784,0.0,0.0,0.0
2019-05-22,0.0,5.37634,0.0,0.0,0.0,0.0,0.0,0.0,0.0,0.0,0.0,0.0,0.0,0.0,0.0,1.49253,0.0,0.0,2.08955,4.77611,2.68456,0.0,0.0,0.0,0.0,0.0,0.17943,0.0,0.0,0.0
2019-05-23,0.0,5.37634,0.0,6.45161,0.0,0.0,0.0,0.0,0.0,0.0,4.61538,0.0,0.0,0.0,0.0,0.0,0.0,0.0,1.7910400000000002,4.477609999999999,4.122719999999999,0.0,0.0,1.53403,0.0,0.0,0.25121,0.0,0.0,0.0
2019-05-24,0.0,0.0,0.0,0.0,0.0,1.2474,0.0,0.0,0.0,0.0,0.0,0.0,0.0,0.0,0.0,0.0,2.38805,0.0,0.0,3.5820800000000004,3.64333,0.0,0.0,1.2464,0.0,0.0,0.30504000000000003,0.0,0.0,0.0
2019-05-25,0.0,0.0,0.0,0.0,0.0,0.0,0.0,0.0,0.0,0.0,0.0,0.0,0.0,0.0,0.0,1.49253,0.0,0.0,0.0,2.08955,2.39693,0.0,0.0,1.2464,11.12176,0.0,0.29607,0.0,0.0,0.0
2019-05-26,0.0,7.52688,0.0,0.0,0.0,0.0,0.0,0.0,0.0,0.0,0.0,0.0,0.0,0.0,0.0,0.0,0.0,0.0,0.0,4.477609999999999,1.62991,0.0,0.0,1.05465,0.57526,0.0,0.40373000000000003,0.0,0.0,0.0
2019-05-27,0.0,5.37634,0.0,5.37634,0.0,0.0,0.0,0.0,0.0,0.0,0.0,0.0,0.0,0.0,0.0,0.0,0.0,0.0,0.0,10.14925,3.83509,0.0,0.0,3.25982,0.7670100000000001,0.0,0.36784,0.0,0.0,0.0
2019-05-28,0.0,5.37634,0.0,0.0,0.0,0.0,0.0,0.0,0.0,0.0,5.3846099999999995,0.0,0.0,0.0,0.0,0.0,0.0,0.0,1.7910400000000002,55.522380000000005,2.78044,0.0,0.0,2.01342,0.8628899999999999,0.0,0.39476,0.0,0.0,0.0
2019-05-29,0.0,6.45161,0.0,5.37634,0.0,0.0,0.0,0.0,0.0,0.0,0.0,0.0,0.0,0.0,0.0,2.98507,0.0,0.0,0.0,77.01491999999999,16.299129999999998,0.0,0.0,0.57526,0.7670100000000001,0.0,0.34092,0.0,0.0,0.0
2019-05-30,0.0,7.52688,0.0,0.0,0.0,0.0,0.0,0.0,0.0,0.0,4.61538,0.0,0.0,0.0,0.0,0.0,0.0,0.0,0.0,14.62686,12.6558,0.0,0.0,3.25982,0.0,0.0,0.7267100000000001,0.0,0.0,0.0
2019-05-31,0.0,0.0,0.0,0.0,0.0,0.0,0.0,0.0,0.0,0.0,0.0,0.0,0.0,0.0,0.0,0.0,0.0,0.0,0.0,9.253730000000001,3.16395,0.0,0.0,1.05465,0.0,0.0,0.3499,0.0,0.0,0.0
2019-06-01,0.0,6.45161,0.0,0.0,0.0,0.0,0.0,0.0,0.0,0.0,0.0,0.0,0.0,0.0,0.0,0.0,0.0,0.0,0.0,5.97014,2.9721900000000003,0.0,0.0,1.62991,0.0,0.0,0.36784,0.0,0.0,0.0
2019-06-02,0.0,0.0,0.0,0.0,0.0,0.0,0.0,0.0,0.0,0.0,0.0,0.0,0.0,0.0,0.0,0.0,0.0,0.0,0.0,7.761189999999999,3.4515800000000003,0.0,0.0,1.34228,0.0,0.0,0.37681,0.0,0.0,0.0
2019-06-03,0.0,6.45161,0.0,11.82795,0.0,0.0,0.0,0.0,0.0,0.0,0.0,0.0,0.0,0.0,0.0,1.49253,0.0,0.0,0.0,5.373130000000001,3.64333,0.0,0.0,1.8216599999999998,1.43815,0.0,0.31401,0.0,0.0,0.0
2019-06-04,0.0,5.37634,0.0,0.0,0.0,0.0,0.0,0.0,0.0,0.0,0.0,0.0,0.0,0.0,0.0,0.0,0.0,0.0,0.0,8.955219999999999,5.36912,0.0,0.0,2.20517,3.54745,0.0,0.96895,0.0,0.0,0.0
2019-06-05,0.0,5.37634,0.0,13.978489999999999,0.0,0.0,0.0,0.0,0.0,0.0,0.0,0.0,0.0,0.0,0.0,0.0,0.0,0.0,0.0,5.97014,6.80728,0.0,0.0,1.7257900000000002,0.57526,0.0,0.43063999999999997,0.0,0.0,0.0
2019-06-06,0.0,0.0,0.0,0.0,0.0,0.0,0.0,0.0,0.0,0.0,3.84615,0.0,0.0,0.0,0.0,0.0,0.0,0.0,2.38805,3.28358,14.09395,0.0,0.0,2.78044,0.0,0.0,0.9779200000000001,0.0,0.0,0.0
2019-06-07,0.0,0.0,0.0,11.82795,0.0,0.0,0.0,0.0,0.0,0.0,0.0,0.0,0.0,0.0,0.0,0.0,0.0,0.0,0.0,2.68656,6.13614,0.0,0.0,1.9175400000000002,0.0,0.0,0.27812,0.0,0.0,0.0
2019-06-08,0.0,0.0,0.0,0.0,0.0,0.0,0.0,0.0,0.0,0.0,0.0,0.0,0.0,0.0,0.0,0.0,0.0,0.0,0.0,4.77611,18.50431,0.0,0.0,0.57526,0.0,0.0,0.49345,0.0,0.0,0.0
2019-06-09,0.0,0.0,0.0,0.0,0.0,0.0,0.0,0.0,0.0,0.0,5.3846099999999995,0.0,0.0,0.0,0.0,0.0,0.0,0.0,0.0,4.477609999999999,3.4515800000000003,0.0,0.0,1.05465,0.0,0.0,0.28709,0.0,0.0,0.0
2019-06-10,0.0,11.82795,0.0,21.505370000000003,0.0,0.0,0.0,0.0,0.0,0.0,7.6923,0.0,0.0,0.0,0.0,1.7910400000000002,0.0,0.0,1.7910400000000002,38.20895,5.17737,0.0,0.0,4.985609999999999,0.0,0.0,0.31401,0.0,0.0,0.0
2019-06-11,0.0,0.0,0.0,0.0,0.0,0.0,0.0,0.0,0.0,0.0,0.0,0.0,0.0,0.0,0.0,1.49253,0.0,0.0,0.0,6.26865,24.06519,0.0,0.0,2.39693,0.0,0.0,0.43063999999999997,0.0,0.0,0.0
2019-06-12,0.0,7.52688,0.0,0.0,0.0,0.0,0.0,0.0,0.0,0.0,0.0,0.0,0.0,0.0,0.0,2.08955,0.0,0.0,0.0,34.32835,17.2579,0.0,0.0,2.30105,3.64333,0.0,0.37681,0.0,0.0,0.0
2019-06-13,0.0,0.0,0.0,0.0,0.0,0.0,0.0,0.0,0.0,0.0,0.0,0.0,0.0,0.0,0.0,0.0,0.0,0.0,0.0,9.55223,13.806320000000001,0.0,0.0,0.9587700000000001,0.0,0.0,0.29607,0.0,0.0,0.0
2019-06-14,0.0,0.0,0.0,10.75268,0.0,0.0,0.0,0.0,0.0,0.0,0.0,0.0,0.0,0.0,0.0,1.7910400000000002,0.0,0.0,0.0,3.5820800000000004,28.47555,0.0,0.0,1.53403,0.0,0.0,0.20635,0.0,0.0,0.0
2019-06-15,0.0,6.45161,0.0,0.0,0.0,0.0,0.0,0.0,0.0,0.0,0.0,0.0,0.0,0.0,0.0,0.0,0.0,0.0,0.0,1.49253,7.47842,0.0,0.0,1.05465,0.0,0.0,0.96895,0.0,0.0,0.0
2019-06-16,0.0,5.37634,0.0,0.0,0.0,0.0,0.0,0.0,0.0,0.0,3.84615,0.0,0.0,0.0,0.0,0.0,0.0,0.0,0.0,3.88059,27.90028,0.0,0.0,1.34228,0.0,0.0,1.49829,0.0,0.0,0.0
2019-06-17,0.0,6.45161,0.0,0.0,0.0,0.0,0.0,0.0,0.0,0.0,0.0,0.0,0.0,0.0,0.0,0.0,0.0,0.0,0.0,4.77611,25.69511,0.0,0.0,1.2464,0.0,0.0,0.55625,0.0,0.0,0.0
2019-06-18,0.0,9.67741,0.0,0.0,0.0,0.0,0.0,0.0,0.0,0.0,0.0,0.0,0.0,0.0,0.0,0.0,0.0,0.0,0.0,19.40298,16.49089,0.0,0.0,0.7670100000000001,0.0,0.0,0.44859,0.0,0.0,0.0
2019-06-19,0.0,0.0,0.0,0.0,0.0,0.0,0.0,0.0,0.0,0.0,0.0,0.0,0.0,0.0,0.0,1.49253,1.49253,0.0,0.0,7.462680000000001,11.31351,0.0,0.0,1.62991,0.0,0.0,0.9779200000000001,0.0,0.0,0.0
2019-06-20,0.0,7.52688,0.0,0.0,0.0,0.0,0.0,0.0,0.0,0.0,0.0,0.0,0.0,0.0,0.0,0.0,0.0,0.0,2.38805,8.65671,10.64237,0.0,0.0,2.8763099999999997,0.0,0.0,0.6100800000000001,0.0,0.0,0.0
2019-06-21,0.0,0.0,0.0,0.0,0.0,0.0,0.0,0.0,0.0,0.0,10.0,0.0,0.0,0.0,0.0,0.0,0.0,0.0,0.0,3.28358,6.423769999999999,0.0,0.0,0.0,0.0,0.0,0.51139,0.0,0.0,0.0
2019-06-22,0.0,13.978489999999999,0.0,0.0,17.2043,0.0,0.0,0.0,0.0,0.0,0.0,0.0,0.0,0.0,0.0,2.08955,0.0,0.0,0.0,4.477609999999999,4.31447,0.0,0.0,0.67114,0.0,0.0,0.40373000000000003,0.0,0.0,0.0
2019-06-23,0.0,0.0,0.0,0.0,6.45161,0.0,0.0,0.0,0.0,0.0,5.3846099999999995,0.0,0.0,0.0,0.0,1.49253,0.0,0.0,0.0,15.522379999999998,15.81975,0.0,0.0,1.8216599999999998,0.0,0.0,0.48446999999999996,0.0,0.0,0.0
2019-06-24,0.0,5.37634,0.0,0.0,0.0,0.0,0.0,0.0,0.0,0.0,0.0,0.0,0.0,0.0,0.0,4.77611,0.0,0.0,0.0,4.77611,7.28667,0.0,0.0,0.57526,0.0,0.0,0.6100800000000001,0.0,0.0,0.0
2019-06-25,0.0,0.0,0.0,0.0,0.0,0.0,0.0,0.0,0.0,0.0,0.0,0.0,0.0,0.0,0.0,0.0,0.0,0.0,0.0,3.5820800000000004,21.76414,0.0,0.0,0.0,0.0,0.0,0.3499,0.0,0.0,0.0
2019-06-26,0.0,7.52688,0.0,7.52688,0.0,0.0,0.0,0.0,0.0,0.0,6.15384,0.0,0.0,0.0,0.0,2.98507,0.0,0.0,0.0,2.08955,38.63854,0.0,0.0,1.05465,0.0,0.0,0.34092,0.0,0.0,0.0
2019-06-27,0.0,6.45161,0.0,0.0,0.0,0.0,0.0,0.0,0.0,0.0,4.61538,0.0,0.0,0.0,0.0,2.68656,0.0,0.0,0.0,2.68656,10.83413,0.0,0.0,0.57526,0.0,0.0,0.23326,0.0,0.0,0.0
2019-06-28,0.0,0.0,0.0,0.0,0.0,0.0,0.0,0.0,0.0,0.0,0.0,0.0,0.0,0.0,0.0,1.49253,0.0,0.0,0.0,2.68656,7.47842,0.0,0.0,0.0,0.0,0.0,0.4755,0.0,0.0,0.0
2019-06-29,0.0,0.0,0.0,0.0,0.0,0.0,0.0,0.0,0.0,0.0,0.0,0.0,0.0,0.0,0.0,0.0,0.0,0.0,0.0,2.98507,22.3394,0.0,0.0,0.67114,0.0,0.0,0.26915,0.0,0.0,0.0
2019-06-30,0.0,0.0,0.0,0.0,0.0,0.0,0.0,0.0,0.0,0.0,0.0,0.0,0.0,0.0,0.0,0.0,0.0,0.0,0.0,62.98506999999999,8.62895,0.0,0.0,0.67114,0.0,0.0,0.57419,0.0,0.0,0.0
2019-07-01,0.0,6.45161,0.0,9.67741,0.0,0.0,1.2474,0.0,0.0,0.0,3.84615,0.0,0.0,0.0,0.0,0.0,0.0,0.0,0.0,8.955219999999999,31.160109999999996,0.0,0.0,1.53403,3.54745,0.0,0.46653,0.0,0.0,0.0
2019-07-02,0.0,11.82795,0.0,0.0,0.0,0.0,0.0,0.0,0.0,0.0,0.0,0.0,0.0,0.0,0.0,0.0,0.0,0.0,0.0,7.462680000000001,10.450619999999999,0.0,0.0,0.0,0.47938000000000003,0.0,0.40373000000000003,0.0,0.0,0.0
2019-07-03,0.0,7.52688,0.0,0.0,0.0,0.0,1.2474,0.0,0.0,0.0,4.61538,0.0,0.0,0.0,0.0,0.0,0.0,0.0,0.0,5.97014,10.73825,0.0,0.0,2.20517,0.0,0.0,0.32298000000000004,0.0,0.0,0.0
2019-07-04,0.0,0.0,0.0,0.0,0.0,0.0,0.0,0.0,0.0,0.0,0.0,0.0,0.0,0.0,0.0,0.0,0.0,0.0,3.88059,13.73134,9.97123,0.0,0.0,1.53403,9.10834,0.0,0.4127,0.0,0.0,0.0
2019-07-05,0.0,11.82795,0.0,0.0,0.0,1.0395,0.0,0.0,0.0,0.0,0.0,0.0,0.0,0.0,0.0,0.0,0.0,0.0,0.0,2.08955,24.06519,0.0,0.0,0.47938000000000003,0.0,0.04485,0.44859,0.0,0.0,0.0
2019-07-06,33.33333,0.0,0.0,0.0,0.0,0.0,0.0,0.0,0.0,0.0,0.0,0.0,0.0,0.0,0.0,0.0,0.0,0.0,0.0,2.68656,6.615530000000001,0.0,0.0,0.0,0.47938000000000003,0.0,0.86129,0.0,0.0,0.0
2019-07-07,0.0,6.45161,0.0,0.0,0.0,0.0,0.0,0.0,0.0,0.0,3.84615,0.0,0.0,0.0,0.0,0.0,1.49253,0.0,0.0,17.61194,6.423769999999999,0.0,0.0,0.57526,0.47938000000000003,0.0,0.26915,0.0,0.0,0.0
2019-07-08,0.0,7.52688,0.0,9.67741,0.0,0.0,0.0,0.0,0.0,0.0,0.0,0.0,0.0,0.0,0.0,0.0,1.7910400000000002,0.0,0.0,5.0746199999999995,7.5743,0.0,0.0,0.67114,0.0,0.0,0.42167,0.0,0.0,0.0
2019-07-09,12.90322,6.45161,0.0,0.0,0.0,0.0,0.0,0.0,0.0,0.0,4.61538,0.0,0.0,0.0,0.0,0.0,0.0,0.0,0.0,22.98507,27.4209,0.0,0.0,1.62991,0.0,0.0,0.60111,0.0,0.0,0.0
2019-07-10,6.45161,0.0,0.0,0.0,0.0,0.0,0.0,0.0,0.0,0.0,0.0,0.0,0.0,0.0,0.0,1.49253,0.0,0.0,0.0,7.1641699999999995,7.86193,0.0,0.0,1.53403,1.62991,0.0,0.69083,0.0,0.0,0.0
2019-07-11,0.0,5.37634,0.0,0.0,0.0,0.0,1.0395,0.0,0.0,0.0,0.0,0.0,0.0,0.0,0.0,1.49253,1.49253,0.0,0.0,5.0746199999999995,31.25599,0.0,0.0,1.05465,0.0,0.0,0.4127,0.0,0.0,0.0
2019-07-12,0.0,0.0,0.0,0.0,0.0,0.0,0.0,0.0,0.0,0.0,0.0,0.0,0.0,0.0,0.0,0.0,0.0,0.0,0.0,22.08955,10.64237,0.0,0.0,0.0,0.0,0.0,0.48446999999999996,0.0,0.0,0.0
2019-07-13,0.0,7.52688,0.0,0.0,0.0,0.0,0.0,0.0,0.0,0.0,0.0,0.0,0.0,0.0,0.0,0.0,0.0,0.0,0.0,1.49253,7.76605,0.0,0.0,0.7670100000000001,0.0,0.0,0.26915,0.0,0.0,0.0
2019-07-14,0.0,0.0,0.0,0.0,0.0,0.0,0.0,0.0,0.0,0.0,0.0,0.0,0.0,0.0,0.0,0.0,0.0,0.0,0.0,18.20895,4.88974,0.0,0.0,1.15052,14.47746,0.0,0.36784,0.0,0.0,0.0
2019-07-15,20.4301,0.0,0.0,0.0,6.45161,0.0,0.0,0.0,0.0,0.0,0.0,0.0,0.0,0.0,0.0,4.477609999999999,0.0,0.0,0.0,42.38805,5.36912,0.0,0.0,1.15052,0.67114,0.0,0.37681,0.0,0.0,0.0
2019-07-16,0.0,0.0,0.0,0.0,0.0,2.7027,0.0,0.0,0.0,0.0,6.15384,0.0,0.0,0.0,0.0,0.0,0.0,0.0,1.49253,7.761189999999999,5.65675,0.0,0.0,2.01342,1.05465,0.0,0.39476,0.0,0.0,0.0
2019-07-17,0.0,0.0,0.0,0.0,0.0,0.0,0.0,0.0,0.0,0.0,0.0,0.0,0.0,0.0,0.0,0.0,1.49253,0.0,0.0,5.0746199999999995,4.122719999999999,0.0,0.0,1.62991,0.57526,0.0,0.31401,0.0,0.0,0.0
2019-07-18,33.33333,5.37634,0.0,0.0,0.0,0.0,0.0,0.0,0.0,0.0,0.0,0.0,0.0,0.0,0.0,0.0,0.0,0.0,0.0,2.98507,22.05177,0.0,0.0,0.8628899999999999,1.05465,0.0,0.44859,0.0,0.0,0.0
2019-07-19,0.0,5.37634,0.0,0.0,0.0,0.0,0.0,0.0,0.0,0.0,0.0,0.0,0.0,0.0,0.0,0.0,0.0,0.0,0.0,11.34328,4.985609999999999,0.0,0.0,0.0,0.0,0.0,0.62802,0.0,0.0,0.0
2019-07-20,7.52688,0.0,0.0,0.0,0.0,0.0,0.0,0.0,0.0,0.0,0.0,0.0,0.0,0.0,0.0,0.0,0.0,0.0,0.0,10.14925,7.86193,0.0,0.0,1.34228,0.0,0.0,0.21531999999999998,0.0,0.0,0.0
2019-07-21,0.0,6.45161,0.0,0.0,0.0,4.7817,0.0,0.0,0.0,0.0,0.0,0.0,0.0,0.0,0.0,1.49253,0.0,0.0,0.0,2.68656,3.73921,0.0,0.0,0.47938000000000003,0.0,0.0,0.38578,0.0,0.0,0.0
2019-07-22,0.0,5.37634,0.0,0.0,0.0,0.0,0.0,0.0,0.0,0.0,6.15384,0.0,0.0,0.0,0.0,2.68656,0.0,0.0,0.0,6.56716,4.122719999999999,0.0,0.0,2.8763099999999997,0.0,0.0,0.26018,0.0,0.0,0.0
2019-07-23,25.80645,0.0,0.0,0.0,0.0,2.079,0.0,0.0,0.0,0.0,0.0,0.0,0.0,0.0,0.0,0.0,0.0,0.0,0.0,3.5820800000000004,13.42281,0.0,0.0,1.2464,9.20421,0.0,0.73568,0.0,0.0,0.0
2019-07-24,0.0,9.67741,0.0,0.0,0.0,0.0,0.0,0.0,0.0,0.0,0.0,0.0,0.0,0.0,0.0,0.0,0.0,0.0,0.0,30.746259999999996,21.093000000000004,0.0,0.0,0.47938000000000003,0.0,0.0,0.43063999999999997,0.0,0.0,0.0
2019-07-25,0.0,11.82795,0.0,0.0,0.0,0.0,0.0,0.0,0.0,0.0,0.0,0.0,0.0,0.0,0.0,0.0,0.0,0.0,0.0,14.62686,9.10834,0.0,0.0,0.47938000000000003,0.0,0.0,0.34092,0.0,0.0,0.0
2019-07-26,0.0,5.37634,0.0,0.0,0.0,0.0,0.0,0.0,0.0,0.0,0.0,0.0,0.0,0.0,0.0,0.0,0.0,0.0,0.0,16.71641,7.67018,0.0,0.0,0.7670100000000001,0.0,0.0,0.32298000000000004,0.0,0.0,0.0
2019-07-27,0.0,10.75268,0.0,0.0,0.0,0.0,0.0,0.0,0.0,0.0,0.0,0.0,0.0,0.0,0.0,0.0,0.0,0.0,0.0,5.67164,5.84851,0.0,0.0,0.0,0.0,0.0,0.52933,0.0,0.0,0.0
2019-07-28,0.0,0.0,0.0,0.0,0.0,0.0,0.0,0.0,0.0,0.0,4.61538,0.0,0.0,0.0,0.0,2.38805,0.0,0.0,0.0,4.77611,19.55896,0.0,0.0,0.0,0.0,0.0,0.52036,0.0,0.0,0.0
2019-07-29,0.0,0.0,0.0,0.0,0.0,0.0,0.0,0.0,0.0,0.0,0.0,0.0,3.84615,0.0,0.0,2.98507,0.0,0.0,0.0,3.28358,13.231060000000001,0.0,0.0,0.47938000000000003,0.8628899999999999,0.0,0.48446999999999996,0.0,0.0,0.0
2019-07-30,0.0,6.45161,0.0,0.0,0.0,0.0,0.0,0.0,0.0,0.0,0.0,0.0,0.0,0.0,0.0,2.08955,0.0,0.0,0.0,23.582079999999998,10.067110000000001,0.0,0.0,0.47938000000000003,0.0,0.0,0.87923,0.0,0.0,0.0
2019-07-31,0.0,0.0,0.0,0.0,0.0,0.0,0.0,0.0,0.0,0.0,0.0,0.0,0.0,0.0,0.0,2.38805,1.7910400000000002,0.0,0.0,10.746260000000001,25.886860000000002,0.0,0.0,0.47938000000000003,0.0,0.0,0.40373000000000003,0.0,0.0,0.0
2019-08-01,0.0,0.0,0.0,0.0,0.0,0.0,0.0,0.0,0.0,0.0,0.0,0.0,0.0,0.0,0.0,3.28358,0.0,0.0,0.0,4.477609999999999,24.83221,0.0,0.0,0.0,0.0,0.0,0.21531999999999998,0.0,0.0,0.0
2019-08-02,0.0,0.0,0.0,0.0,0.0,0.0,0.0,0.0,0.0,0.0,5.3846099999999995,0.0,0.0,0.0,0.0,3.5820800000000004,0.0,0.0,0.0,21.194020000000002,27.61265,0.0,0.0,0.57526,0.8628899999999999,0.0,0.20635,0.0,0.0,0.0
2019-08-03,0.0,0.0,0.0,0.0,0.0,0.0,0.0,0.0,0.0,0.0,0.0,0.0,0.0,0.0,0.0,2.68656,0.0,0.0,0.0,27.164170000000002,10.35474,0.0,0.0,0.7670100000000001,0.0,0.0,0.29607,0.0,0.0,0.0
2019-08-04,0.0,0.0,0.0,0.0,0.0,0.0,0.0,0.0,0.0,0.0,3.84615,0.0,0.0,0.0,0.0,5.0746199999999995,0.0,0.0,0.0,3.88059,8.245439999999999,0.0,0.0,0.0,0.0,0.0,0.54728,0.0,0.0,0.0
2019-08-05,0.0,10.75268,0.0,0.0,0.0,0.0,0.0,0.0,0.0,0.0,3.84615,0.0,0.0,0.0,0.0,4.77611,0.0,0.0,0.0,3.88059,16.10738,0.0,0.0,0.7670100000000001,4.79386,0.0,0.36784,0.0,0.0,0.0
2019-08-06,0.0,0.0,0.0,0.0,0.0,0.0,0.0,0.0,1.2474,0.0,0.0,0.0,0.0,0.0,0.0,4.77611,0.0,0.0,0.0,2.68656,9.87535,0.0,0.0,1.53403,0.0,0.0,0.78054,0.0,0.0,0.0
2019-08-07,0.0,7.52688,0.0,0.0,0.0,0.0,0.0,0.0,0.0,0.0,0.0,0.0,0.0,0.0,0.0,0.0,0.0,0.0,0.0,9.85074,12.464039999999999,0.0,0.0,1.34228,0.0,0.0,0.95101,0.0,0.0,0.0
2019-08-08,0.0,0.0,0.0,6.45161,0.0,0.0,0.0,0.0,0.0,0.0,0.0,0.0,0.0,0.0,0.0,4.1791,0.0,0.0,0.0,4.477609999999999,9.01246,0.0,0.0,2.01342,0.0,0.0,1.1125,0.0,0.0,0.0
2019-08-09,0.0,10.75268,0.0,0.0,0.0,0.0,0.0,0.0,0.0,0.0,0.0,0.0,0.0,0.0,0.0,1.7910400000000002,0.0,0.0,0.0,1.49253,7.0949100000000005,0.0,0.0,1.2464,0.67114,0.0,0.44859,0.0,0.0,0.0
2019-08-10,0.0,6.45161,0.0,8.60215,0.0,0.0,0.0,0.0,0.0,0.0,0.0,0.0,0.0,0.0,0.0,1.49253,0.0,0.0,0.0,26.567159999999998,3.3557,0.0,0.0,0.67114,0.0,0.0,0.42167,0.0,0.0,0.0
2019-08-11,0.0,0.0,0.0,0.0,0.0,3.3264,0.0,0.0,0.0,0.0,0.0,0.0,0.0,0.0,0.0,0.0,2.08955,0.0,0.0,4.77611,4.79386,0.0,0.0,0.0,1.34228,0.0,0.38578,0.0,0.0,0.0
2019-08-12,0.0,5.37634,0.0,0.0,0.0,0.0,0.0,0.0,0.0,0.0,0.0,0.0,0.0,0.0,0.0,1.49253,0.0,0.0,0.0,11.34328,4.69798,0.0,0.0,1.62991,0.0,0.0,0.58316,0.0,0.0,0.0
2019-08-13,0.0,18.27956,0.0,6.45161,0.0,0.0,0.0,0.0,0.0,0.0,0.0,0.0,0.0,0.0,0.0,1.49253,0.0,0.0,0.0,5.97014,6.51965,0.0,0.0,4.50623,0.0,0.0,0.52036,0.0,0.0,0.0
2019-08-14,0.0,0.0,0.0,0.0,0.0,3.7422,0.0,0.0,0.0,0.0,0.0,0.0,0.0,0.0,0.0,0.0,0.0,0.0,0.0,6.86567,17.54554,0.0,0.0,0.47938000000000003,0.0,0.0,0.32298000000000004,0.0,0.0,0.0
2019-08-15,0.0,7.52688,0.0,0.0,0.0,0.0,0.0,0.0,0.0,0.0,11.53846,0.0,0.0,0.0,0.0,1.49253,0.0,0.0,0.0,2.98507,7.0949100000000005,0.0,0.0,0.0,0.47938000000000003,0.0,0.33195,0.0,0.0,0.0
2019-08-16,79.56989,0.0,0.0,0.0,0.0,0.0,0.0,0.0,0.0,0.0,0.0,0.0,0.0,0.0,0.0,1.49253,0.0,0.0,0.0,1.7910400000000002,4.31447,0.0,0.0,0.9587700000000001,15.91562,0.0,0.40373000000000003,0.0,0.0,0.0
2019-08-17,16.12903,0.0,0.0,0.0,0.0,0.0,0.0,0.0,0.0,0.0,0.0,0.0,0.0,0.0,0.0,2.38805,0.0,0.0,0.0,2.68656,5.27325,0.0,0.0,0.0,1.62991,0.0,0.35886999999999997,0.0,0.0,0.0
2019-08-18,0.0,0.0,0.0,5.37634,0.0,0.0,0.0,0.0,0.0,0.0,4.61538,0.0,0.0,0.0,0.0,1.7910400000000002,0.0,0.0,0.0,25.07462,3.25982,0.0,0.0,0.0,0.0,0.0,0.36784,0.0,0.0,0.0
2019-08-19,5.37634,18.27956,0.0,0.0,0.0,0.0,0.0,0.0,0.0,0.0,0.0,0.0,0.0,0.0,0.0,1.7910400000000002,0.0,0.0,0.0,8.3582,5.27325,0.0,0.0,0.0,0.67114,0.0,0.39476,0.0,0.0,0.0
2019-08-20,15.05376,0.0,0.0,19.35483,0.0,0.0,0.0,0.0,0.0,0.0,0.0,0.0,0.0,0.0,0.0,0.0,0.0,0.0,0.0,3.88059,5.0814900000000005,0.0,0.0,0.47938000000000003,0.67114,0.0,0.56522,0.0,0.0,0.0
2019-08-21,11.82795,9.67741,0.0,0.0,6.45161,0.0,0.0,0.0,0.0,0.0,0.0,0.0,0.0,0.0,0.0,1.49253,0.0,0.0,0.0,3.88059,11.31351,0.0,0.0,0.0,0.57526,0.0,0.34092,0.0,0.0,0.0
2019-08-22,0.0,11.82795,0.0,0.0,45.16129,0.0,0.0,0.0,0.0,0.0,0.0,0.0,0.0,0.0,0.0,0.0,0.0,0.0,0.0,2.38805,12.17641,0.0,0.0,0.67114,0.0,0.0,0.36784,0.0,0.0,0.0
2019-08-23,9.67741,13.978489999999999,0.0,0.0,0.0,0.0,0.0,0.0,0.0,0.0,0.0,0.0,0.0,0.0,0.0,0.0,0.0,0.0,0.0,13.43283,7.19079,0.0,0.0,0.0,0.57526,0.0,0.34092,0.0,0.0,0.0
2019-08-24,0.0,0.0,0.0,0.0,0.0,0.0,0.0,0.0,0.0,0.0,0.0,0.0,0.0,0.0,0.0,0.0,0.0,0.0,0.0,3.5820800000000004,12.6558,0.0,0.0,0.0,0.0,0.0,0.29607,0.0,0.0,0.0
2019-08-25,0.0,0.0,0.0,0.0,6.45161,3.7422,0.0,0.0,0.0,0.0,0.0,0.0,0.0,0.0,0.0,0.0,0.0,0.0,0.0,5.373130000000001,6.999039999999999,0.0,0.0,0.0,0.0,0.0,0.58316,0.0,0.0,0.0
2019-08-26,47.311820000000004,10.75268,0.0,0.0,0.0,0.0,0.0,0.0,0.0,0.0,0.0,0.0,0.0,0.0,0.0,2.38805,0.0,0.0,0.0,23.28358,6.2320199999999994,0.0,0.0,1.15052,0.0,0.0,0.37681,0.0,0.0,0.0
2019-08-27,11.82795,7.52688,0.0,0.0,0.0,0.0,0.0,0.0,0.0,0.0,0.0,0.0,0.0,0.0,0.0,0.0,0.0,0.0,1.49253,5.0746199999999995,6.615530000000001,0.0,0.0,0.8628899999999999,0.0,0.0,0.28709,0.0,0.0,0.0
2019-08-28,8.60215,6.45161,0.0,0.0,0.0,0.0,0.0,0.0,0.0,0.0,0.0,0.0,0.0,0.0,0.0,0.0,0.0,0.0,0.0,3.5820800000000004,5.65675,0.0,0.0,0.0,0.0,0.0,0.27812,0.0,0.0,0.0
2019-08-29,0.0,5.37634,0.0,0.0,0.0,0.0,0.0,0.0,0.0,0.0,0.0,0.0,0.0,0.0,0.0,1.7910400000000002,0.0,0.0,0.0,44.47761,6.423769999999999,0.0,0.0,0.0,0.0,0.0,0.34092,0.0,0.0,0.0
2019-08-30,0.0,8.60215,0.0,0.0,0.0,0.0,0.0,0.0,0.0,0.0,0.0,0.0,0.0,0.0,0.0,1.7910400000000002,0.0,0.0,0.0,7.1641699999999995,4.88974,0.0,0.0,0.0,0.0,0.0,0.84335,0.0,0.0,0.0
2019-08-31,0.0,0.0,0.0,0.0,0.0,0.0,0.0,0.0,0.0,0.0,0.0,0.0,0.0,0.0,0.0,0.0,0.0,0.0,0.0,8.65671,5.0814900000000005,0.0,0.0,0.0,0.0,0.0,0.30504000000000003,0.0,0.0,0.0
2019-09-01,0.0,0.0,0.0,0.0,0.0,0.0,0.0,0.0,0.0,0.0,0.0,0.0,0.0,0.0,0.0,2.08955,0.0,0.0,0.0,5.97014,4.50623,0.0,0.0,0.0,0.0,0.0,0.43063999999999997,0.0,0.0,0.0
2019-09-02,0.0,15.05376,0.0,0.0,0.0,0.0,0.0,0.0,0.0,0.0,0.0,0.0,0.0,0.0,0.0,0.0,0.0,0.0,0.0,9.253730000000001,4.31447,0.0,0.0,1.7257900000000002,0.0,0.0,0.45756,0.0,0.0,0.0
2019-09-03,0.0,0.0,0.0,0.0,0.0,0.0,0.0,0.0,0.0,0.0,0.0,0.0,0.0,0.0,0.0,1.49253,0.0,0.0,0.0,2.98507,6.903160000000001,0.0,0.0,0.67114,0.0,0.0,0.38578,0.0,0.0,0.0
2019-09-04,0.0,9.67741,0.0,0.0,0.0,0.0,0.0,0.0,0.0,0.0,0.0,0.0,0.0,0.0,0.0,1.49253,0.0,0.0,0.0,18.805970000000002,6.2320199999999994,2.4928,0.0,1.34228,0.0,0.0,0.34092,0.0,0.0,0.0
2019-09-05,0.0,8.60215,0.0,0.0,0.0,0.0,0.0,0.0,0.0,0.0,3.84615,0.0,0.0,0.0,0.0,1.49253,0.0,0.0,3.28358,20.59701,6.615530000000001,0.0,0.0,0.0,0.0,0.0,0.39476,0.0,0.0,0.0
2019-09-06,18.27956,15.05376,0.0,0.0,0.0,0.0,0.0,0.0,0.0,0.0,0.0,0.0,0.0,0.0,0.0,1.7910400000000002,0.0,0.0,0.0,11.04477,5.0814900000000005,0.9587700000000001,0.0,0.0,0.0,0.0,0.27812,0.0,0.0,0.0
2019-09-07,7.52688,5.37634,0.0,0.0,0.0,0.0,0.0,0.0,0.0,0.0,0.0,0.0,0.0,0.0,0.0,1.49253,0.0,0.0,1.7910400000000002,3.5820800000000004,3.06807,0.0,0.0,0.67114,0.0,0.0,0.24223000000000003,0.0,0.0,0.0
2019-09-08,10.75268,0.0,0.0,0.0,0.0,0.0,0.0,0.0,0.0,0.0,0.0,0.0,0.0,0.0,0.0,0.0,0.0,0.0,0.0,2.68656,5.65675,1.2464,0.0,0.57526,0.0,0.0,0.3499,0.0,0.0,0.0
2019-09-09,0.0,6.45161,0.0,0.0,0.0,0.0,0.0,0.0,0.0,0.0,0.0,3.84615,0.0,0.0,0.0,0.0,0.0,0.0,0.0,15.820889999999999,3.54745,0.0,0.0,0.57526,0.0,0.0,0.25121,0.0,0.0,0.0
2019-09-10,0.0,5.37634,0.0,0.0,0.0,0.0,0.0,0.0,0.0,0.0,3.84615,0.0,0.0,0.0,0.0,1.49253,2.08955,0.0,0.0,3.88059,5.75263,0.0,0.0,0.0,0.0,0.0,0.10765999999999999,0.0,0.0,0.0
2019-09-11,0.0,0.0,0.0,0.0,32.25806,0.0,0.0,0.0,0.0,0.0,4.61538,0.0,0.0,0.0,0.0,0.0,0.0,0.0,0.0,4.1791,3.73921,0.0,0.0,0.8628899999999999,0.0,0.0,0.26018,0.0,0.0,0.0
2019-09-12,0.0,0.0,0.0,0.0,0.0,0.0,0.0,0.0,0.0,0.0,0.0,0.0,0.0,0.0,0.0,0.0,0.0,0.0,0.0,2.68656,4.6021,0.0,0.0,0.0,0.0,0.0,2.2250099999999997,0.0,0.0,0.0
2019-09-13,0.0,0.0,0.0,0.0,6.45161,0.0,0.0,0.0,0.0,0.0,6.92307,0.0,0.0,0.0,0.0,1.49253,0.0,1.7910400000000002,0.0,0.0,3.3557,0.0,0.0,0.47938000000000003,0.0,0.0,0.43961000000000006,0.0,0.0,0.0
2019-09-14,43.01075,0.0,0.0,0.0,0.0,0.0,0.0,0.0,0.0,0.0,0.0,0.0,0.0,0.0,0.0,0.0,0.0,0.0,0.0,0.0,5.0814900000000005,0.0,0.0,1.53403,0.0,0.0,0.39476,0.0,0.0,0.0
2019-09-15,0.0,0.0,0.0,0.0,0.0,0.0,0.0,0.0,0.0,0.0,0.0,0.0,0.0,0.0,0.0,2.38805,0.0,0.0,0.0,0.0,3.93096,0.0,0.0,0.8628899999999999,0.0,0.0,0.77157,0.0,0.0,0.0
2019-09-16,6.45161,0.0,0.0,0.0,0.0,0.0,0.0,0.0,0.0,0.0,3.84615,0.0,0.0,0.0,0.0,0.0,1.49253,0.0,0.0,12.53731,4.31447,0.0,0.0,1.53403,0.0,0.0,0.51139,0.0,0.0,0.0
2019-09-17,0.0,5.37634,0.0,0.0,0.0,0.0,0.0,0.0,0.0,0.0,3.84615,0.0,0.0,0.0,0.0,1.49253,0.0,0.0,0.0,3.28358,9.01246,0.0,0.0,1.05465,0.0,0.0,0.43961000000000006,0.0,0.0,0.0
2019-09-18,47.311820000000004,5.37634,0.0,0.0,0.0,0.0,0.0,0.0,0.0,0.0,0.0,0.0,0.0,0.0,0.0,0.0,0.0,0.0,0.0,1.49253,6.7114,0.0,0.0,0.0,0.0,0.0,0.49345,0.0,0.0,0.0
2019-09-19,75.26881,12.90322,0.0,0.0,0.0,0.0,0.0,0.0,0.0,0.0,0.0,0.0,0.0,0.0,0.0,1.49253,0.0,0.0,0.0,1.7910400000000002,8.05369,0.57526,0.0,0.0,0.0,0.0,0.43063999999999997,0.0,0.0,0.0
2019-09-20,0.0,0.0,0.0,0.0,0.0,0.0,0.0,0.0,0.0,0.0,0.0,0.0,0.0,0.0,0.0,0.0,0.0,0.0,1.49253,2.68656,3.4515800000000003,0.0,0.0,1.15052,0.0,0.0,0.33195,0.0,0.0,0.0
2019-09-21,31.18279,6.45161,0.0,0.0,0.0,0.0,0.0,0.0,0.0,0.0,0.0,0.0,0.0,0.0,0.0,0.0,0.0,0.0,0.0,3.28358,4.31447,2.30105,0.0,0.0,0.0,0.0,0.4755,0.0,0.0,0.0
2019-09-22,0.0,0.0,0.0,0.0,0.0,0.0,0.0,0.0,0.0,0.0,0.0,0.0,0.0,0.0,0.0,1.49253,0.0,0.0,0.0,2.38805,3.3557,0.0,0.0,0.0,0.0,0.0,0.84335,0.0,0.0,0.0
2019-09-23,23.655910000000002,7.52688,0.0,0.0,6.45161,0.0,0.0,0.0,0.0,0.0,0.0,0.0,0.0,0.0,0.0,1.49253,1.7910400000000002,0.0,0.0,2.08955,4.41035,0.0,0.0,0.0,0.0,0.0,0.63699,0.0,0.0,0.0
2019-09-24,0.0,8.60215,0.0,0.0,0.0,0.0,0.0,0.0,0.0,0.0,0.0,0.0,0.0,0.0,0.0,2.08955,0.0,0.0,0.0,11.64179,4.79386,0.0,0.0,0.67114,0.0,0.0,0.51139,0.0,0.0,0.0
2019-09-25,0.0,6.45161,0.0,0.0,0.0,0.0,0.0,0.0,0.0,0.0,4.61538,0.0,0.0,0.0,0.0,0.0,0.0,0.0,0.0,4.77611,6.13614,0.0,0.0,0.57526,0.0,0.0,0.45756,0.0,0.0,0.0
2019-09-26,0.0,5.37634,0.0,0.0,0.0,0.0,0.0,0.0,0.0,0.0,0.0,0.0,0.0,0.0,0.0,2.98507,0.0,2.98507,0.0,1.7910400000000002,5.75263,0.0,0.0,0.0,0.0,0.0,0.32298000000000004,0.0,0.0,0.0
2019-09-27,5.37634,0.0,0.0,0.0,0.0,0.0,0.0,0.0,0.0,0.0,0.0,0.0,0.0,0.0,0.0,0.0,0.0,0.0,0.0,0.0,3.83509,1.53403,0.0,0.47938000000000003,0.0,0.0,0.54728,0.0,0.0,0.0
2019-09-28,56.98924,6.45161,0.0,0.0,0.0,0.0,0.0,0.0,0.0,0.0,3.84615,0.0,0.0,0.0,0.0,0.0,0.0,1.49253,0.0,2.08955,3.16395,0.0,0.0,1.15052,0.0,0.0,0.36784,0.0,0.0,0.0
2019-09-29,6.45161,7.52688,0.0,0.0,0.0,0.0,0.0,0.0,0.0,0.0,0.0,0.0,0.0,0.0,0.0,1.7910400000000002,0.0,0.0,0.0,2.08955,2.8763099999999997,0.0,0.0,0.57526,0.0,0.0,0.28709,0.0,0.0,0.0
2019-09-30,6.45161,10.75268,0.0,0.0,8.60215,0.0,0.0,0.0,0.0,0.0,0.0,0.0,0.0,0.0,0.0,4.1791,0.0,0.0,0.0,1.49253,4.69798,0.0,0.0,0.67114,0.0,0.0,0.3499,0.0,0.0,0.0
2019-10-01,21.505370000000003,8.60215,0.0,0.0,0.0,0.0,0.0,0.0,0.0,0.0,0.0,0.0,0.0,0.0,0.0,1.49253,2.98507,0.0,0.0,2.08955,5.36912,0.0,0.0,2.4928,0.0,0.0,0.45756,0.0,0.0,0.0
2019-10-02,0.0,33.33333,0.0,0.0,0.0,0.0,0.0,0.0,0.0,0.0,0.0,0.0,0.0,0.0,0.0,0.0,0.0,0.0,0.0,17.01492,4.50623,0.0,0.0,2.4928,0.0,0.0,0.23326,0.0,0.0,0.0
2019-10-03,13.978489999999999,5.37634,0.0,0.0,0.0,0.0,0.0,0.0,0.0,0.0,0.0,0.0,0.0,0.0,0.0,0.0,2.08955,0.0,2.38805,3.88059,4.02684,0.0,0.0,0.57526,0.0,0.0,0.35886999999999997,0.0,0.0,0.0
2019-10-04,0.0,6.45161,0.0,0.0,0.0,0.0,0.0,0.0,0.0,0.0,4.61538,0.0,0.0,0.0,0.0,1.49253,0.0,0.0,0.0,2.68656,3.73921,0.0,0.0,0.0,0.0,0.0,0.38578,0.0,0.0,0.0
2019-10-05,0.0,0.0,0.0,0.0,0.0,1.6632,0.0,0.0,0.0,0.0,4.61538,0.0,0.0,0.0,0.0,0.0,0.0,0.0,0.0,2.98507,19.84659,0.0,0.0,0.0,0.0,0.0,0.4127,0.0,0.0,0.0
2019-10-06,29.03225,0.0,0.0,0.0,0.0,0.0,0.0,0.0,0.0,0.0,0.0,0.0,0.0,0.0,0.0,1.49253,0.0,0.0,0.0,14.62686,6.615530000000001,0.0,0.0,0.7670100000000001,0.0,0.0,0.42167,0.0,0.0,0.0
2019-10-07,0.0,12.90322,0.0,0.0,0.0,0.0,0.0,0.0,0.0,0.0,0.0,0.0,0.0,0.0,0.0,1.49253,0.0,0.0,2.38805,3.5820800000000004,4.985609999999999,0.0,0.0,0.8628899999999999,0.0,0.0,0.3499,0.0,0.0,0.0
2019-10-08,5.37634,0.0,0.0,0.0,0.0,0.0,0.0,0.0,0.0,0.0,4.61538,0.0,0.0,0.0,0.0,0.0,0.0,0.0,0.0,0.0,5.75263,0.9587700000000001,0.0,0.0,0.0,0.0,0.34092,0.0,0.0,0.0
2019-10-09,19.35483,0.0,0.0,0.0,0.0,0.0,0.0,0.0,0.0,0.0,3.84615,0.0,0.0,0.0,0.0,0.0,0.0,0.0,0.0,13.43283,5.84851,0.0,0.0,0.67114,0.0,0.0,0.37681,0.0,0.0,0.0
2019-10-10,0.0,6.45161,0.0,0.0,0.0,0.0,0.0,0.0,0.0,0.0,3.84615,0.0,0.0,0.0,0.0,1.49253,0.0,0.0,0.0,32.83582,4.122719999999999,0.0,0.0,0.0,0.0,0.0,0.45756,0.0,0.0,0.0
2019-10-11,6.45161,9.67741,0.0,0.0,0.0,0.0,0.0,0.0,0.0,0.0,0.0,0.0,3.84615,0.0,0.0,0.0,0.0,0.0,0.0,12.53731,5.17737,0.0,0.0,0.0,0.0,0.0,0.21531999999999998,0.0,0.0,0.0
2019-10-12,30.10752,5.37634,0.0,0.0,0.0,0.0,0.0,0.0,0.0,0.0,0.0,0.0,0.0,0.0,0.0,0.0,0.0,0.0,0.0,7.462680000000001,3.16395,0.0,0.0,0.0,0.0,0.0,0.54728,0.0,0.0,0.0
2019-10-13,5.37634,0.0,0.0,0.0,0.0,0.0,0.0,0.0,0.0,0.0,0.0,0.0,0.0,0.0,0.0,1.49253,0.0,0.0,0.0,6.26865,1.8216599999999998,0.0,0.0,0.0,0.0,0.0,0.32298000000000004,0.0,0.0,0.0
2019-10-14,0.0,9.67741,0.0,0.0,0.0,0.0,0.0,0.0,0.0,0.0,0.0,0.0,0.0,0.0,0.0,1.49253,0.0,0.0,0.0,12.2388,2.1093,0.0,0.0,0.0,0.0,0.0,0.29607,0.0,0.0,0.0
2019-10-15,5.37634,9.67741,0.0,0.0,0.0,0.0,0.0,0.0,0.0,0.0,0.0,0.0,0.0,0.0,0.0,0.0,0.0,0.0,0.0,18.805970000000002,5.27325,1.2464,0.0,0.0,0.0,0.0,0.40373000000000003,0.0,0.0,0.0
2019-10-16,8.60215,0.0,0.0,0.0,0.0,0.0,0.0,0.0,0.0,0.0,0.0,0.0,0.0,0.0,0.0,0.0,0.0,0.0,0.0,6.56716,3.16395,0.0,0.0,1.2464,0.0,0.0,0.44859,0.0,0.0,0.0
2019-10-17,0.0,7.52688,0.0,0.0,0.0,0.0,1.2474,0.0,0.0,0.0,0.0,0.0,0.0,0.0,0.0,0.0,0.0,0.0,0.0,5.97014,4.6021,0.0,0.0,0.0,0.0,0.0,0.17046,0.0,0.0,0.0
2019-10-18,0.0,5.37634,0.0,0.0,7.52688,0.0,0.0,0.0,0.0,0.0,0.0,0.0,0.0,0.0,0.0,0.0,0.0,0.0,0.0,1.49253,3.3557,0.0,0.0,0.67114,0.0,0.0,0.17046,0.0,0.0,0.0
2019-10-19,16.12903,7.52688,0.0,0.0,0.0,1.8711,0.0,0.0,0.0,0.0,0.0,0.0,0.0,0.0,0.0,2.68656,0.0,0.0,0.0,1.7910400000000002,2.4928,0.0,0.0,0.0,0.0,0.0,0.46653,0.0,0.0,0.0
2019-10-20,0.0,0.0,0.0,0.0,0.0,0.0,0.0,0.0,0.0,0.0,0.0,0.0,0.0,0.0,0.0,0.0,0.0,0.0,1.7910400000000002,1.49253,3.73921,0.0,0.0,0.47938000000000003,0.0,0.0,0.39476,0.0,0.0,0.0
2019-10-21,46.23655,12.90322,0.0,0.0,0.0,0.0,0.0,0.0,0.0,0.0,0.0,0.0,0.0,0.0,0.0,0.0,0.0,0.0,0.0,10.14925,7.47842,0.0,0.0,0.0,0.0,0.0,0.54728,0.0,0.0,0.0
2019-10-22,11.82795,17.2043,0.0,0.0,0.0,3.3264,0.0,1.2474,0.0,0.0,0.0,0.0,0.0,0.0,0.0,0.0,0.0,0.0,0.0,24.1791,2.9721900000000003,0.0,0.0,0.0,0.0,0.17943,0.31401,0.0,0.0,0.0
2019-10-23,30.10752,0.0,0.0,0.0,0.0,0.0,0.0,0.0,0.0,0.0,0.0,0.0,0.0,0.0,0.0,0.0,0.0,0.0,0.0,7.462680000000001,5.84851,0.0,0.0,0.7670100000000001,0.0,0.0,0.10765999999999999,0.0,0.0,0.0
2019-10-24,5.37634,0.0,0.0,0.0,0.0,0.0,0.0,0.0,0.0,0.0,3.84615,0.0,0.0,0.0,0.0,0.0,2.08955,0.0,0.0,5.97014,3.73921,0.8628899999999999,0.0,0.0,0.0,0.0628,0.29607,0.0,0.0,0.0
2019-10-25,16.12903,11.82795,0.0,0.0,0.0,0.0,0.0,0.0,0.0,0.0,4.61538,0.0,0.0,0.0,0.0,0.0,0.0,0.0,0.0,20.59701,5.0814900000000005,0.0,0.0,0.0,0.0,0.0,0.08971,0.0,0.0,0.0
2019-10-26,0.0,16.12903,0.0,0.0,0.0,1.2474,0.0,0.0,0.0,0.0,5.3846099999999995,0.0,0.0,0.0,0.0,0.0,0.0,0.0,0.0,19.40298,3.3557,0.0,0.0,0.0,0.0,0.08971,0.21531999999999998,0.0,0.0,0.0
2019-10-27,0.0,7.52688,0.0,0.0,0.0,0.0,0.0,0.0,0.0,0.0,6.15384,0.0,0.0,0.0,0.0,0.0,0.0,0.0,0.0,6.56716,3.64333,0.0,0.0,0.67114,0.0,0.0,0.07177,0.0,0.0,0.0
2019-10-28,0.0,9.67741,0.0,0.0,0.0,3.1185,0.0,0.0,0.0,0.0,0.0,0.0,0.0,0.0,0.0,1.49253,0.0,0.0,0.0,8.3582,1.9175400000000002,1.15052,0.0,0.0,0.0,0.0,0.08073999999999999,0.0,0.0,0.0
2019-10-29,0.0,9.67741,0.0,0.0,0.0,0.0,0.0,0.0,0.0,0.0,6.92307,0.0,0.0,0.0,0.0,0.0,0.0,0.0,0.0,25.67164,5.36912,0.67114,0.0,0.0,0.0,0.0,0.15252000000000002,0.0,0.0,0.0
2019-10-30,0.0,5.37634,0.0,0.0,0.0,0.0,0.0,0.0,0.0,0.0,0.0,0.0,0.0,0.0,0.0,0.0,0.0,0.0,0.0,3.5820800000000004,4.50623,0.0,0.0,0.0,0.0,0.20635,0.21531999999999998,0.0,0.0,0.0
2019-10-31,0.0,10.75268,0.0,0.0,0.0,0.0,0.0,0.0,0.0,0.0,0.0,0.0,0.0,0.0,0.0,0.0,0.0,0.0,0.0,4.1791,2.01342,0.0,0.0,0.0,0.0,0.0,0.15252000000000002,0.0,0.0,0.0
2019-11-01,35.48387,12.90322,0.0,0.0,0.0,0.0,0.0,0.0,0.0,0.0,5.3846099999999995,0.0,0.0,0.0,0.0,3.28358,0.0,0.0,4.1791,4.477609999999999,3.64333,0.0,0.0,0.0,0.0,0.20635,0.13457,0.0,0.0,0.0
2019-11-02,6.45161,10.75268,0.0,0.0,0.0,0.0,0.0,0.0,0.0,0.0,16.15384,0.0,0.0,0.0,0.0,4.477609999999999,2.08955,0.0,0.0,47.16417,3.3557,0.0,0.0,0.0,0.0,0.0,0.13457,0.0,0.0,0.0
2019-11-03,5.37634,7.52688,0.0,0.0,0.0,0.0,0.0,0.0,0.0,0.0,3.84615,0.0,0.0,0.0,0.0,0.0,0.0,0.0,0.0,8.955219999999999,4.50623,0.47938000000000003,0.0,0.0,0.0,0.053829999999999996,0.25121,0.0,0.0,0.0
2019-11-04,0.0,6.45161,0.0,0.0,0.0,0.0,0.0,0.0,0.0,0.0,0.0,0.0,3.84615,0.0,0.0,1.49253,2.68656,0.0,0.0,12.2388,4.122719999999999,0.0,0.0,1.2464,0.0,0.0,0.29607,0.0,0.0,0.0
2019-11-05,18.27956,6.45161,0.0,0.0,0.0,0.0,0.0,0.0,0.0,0.0,4.61538,0.0,0.0,0.0,0.0,1.49253,2.98507,0.0,0.0,5.373130000000001,2.39693,0.0,0.0,1.43815,0.0,0.0,0.8254,0.0,0.0,0.0
2019-11-06,7.52688,7.52688,0.0,0.0,7.52688,0.0,0.0,0.0,0.0,0.0,0.0,0.0,0.0,0.0,0.0,0.0,0.0,0.0,0.0,5.97014,2.9721900000000003,0.0,0.0,0.0,0.0,0.04485,0.7177399999999999,0.0,0.0,0.0
2019-11-07,0.0,16.12903,0.0,0.0,0.0,0.0,0.0,0.0,0.0,0.0,0.0,0.0,0.0,0.0,0.0,0.0,0.0,10.14925,0.0,3.28358,5.0814900000000005,0.0,0.0,0.0,0.0,0.0,0.26915,0.0,0.0,0.0
2019-11-08,0.0,8.60215,0.0,0.0,0.0,0.0,0.0,0.0,0.0,0.0,0.0,0.0,0.0,0.0,0.0,0.0,0.0,2.68656,0.0,2.38805,2.4928,0.0,0.0,1.34228,0.0,0.0,0.21531999999999998,0.0,0.0,0.0
2019-11-09,0.0,0.0,0.0,0.0,0.0,2.079,0.0,0.0,1.0395,0.0,0.0,0.0,0.0,0.0,0.0,0.0,0.0,1.7910400000000002,0.0,9.253730000000001,1.15052,0.0,0.0,0.67114,0.0,0.0,0.16149000000000002,0.0,0.0,0.0
2019-11-10,0.0,5.37634,0.0,0.0,0.0,0.0,0.0,0.0,0.0,0.0,0.0,0.0,0.0,0.0,0.0,1.49253,0.0,0.0,0.0,30.746259999999996,1.8216599999999998,0.0,0.0,0.47938000000000003,0.0,0.0,0.27812,0.0,0.0,0.0
2019-11-11,0.0,12.90322,0.0,0.0,0.0,0.0,0.0,6.0291,0.0,0.0,4.61538,0.0,0.0,0.0,0.0,1.7910400000000002,0.0,0.0,0.0,6.86567,2.9721900000000003,0.0,0.0,2.1093,0.0,0.0,0.36784,0.0,0.0,0.0
2019-11-12,6.45161,15.05376,0.0,0.0,0.0,0.0,0.0,0.0,0.0,0.0,0.0,0.0,0.0,0.0,0.0,0.0,0.0,0.0,0.0,5.373130000000001,3.06807,0.0,0.0,1.05465,0.0,0.0,0.22429000000000002,0.0,0.0,0.0
2019-11-13,0.0,12.90322,0.0,0.0,5.37634,0.0,0.0,0.0,1.0395,0.0,3.84615,0.0,0.0,0.0,0.0,0.0,0.0,1.49253,0.0,0.0,0.9587700000000001,0.0,0.0,0.47938000000000003,0.0,0.0,0.25121,0.0,0.0,0.0
2019-11-14,0.0,9.67741,0.0,0.0,0.0,0.0,0.0,0.0,0.0,0.0,3.84615,0.0,0.0,0.0,0.0,0.0,0.0,0.0,1.49253,16.41791,2.20517,0.0,0.0,0.57526,0.0,0.0,0.19738,0.0,0.0,0.0
2019-11-15,0.0,5.37634,0.0,0.0,0.0,0.0,0.0,0.0,0.0,0.0,0.0,0.0,0.0,0.0,0.0,2.68656,0.0,0.0,0.0,38.507459999999995,1.8216599999999998,0.0,0.0,0.67114,0.0,0.0,0.32298000000000004,0.0,0.0,0.0
2019-11-16,0.0,0.0,0.0,0.0,0.0,0.0,0.0,0.0,0.0,0.0,3.84615,0.0,0.0,0.0,0.0,0.0,2.38805,0.0,0.0,4.77611,1.62991,0.0,0.0,0.0,0.0,0.0,0.22429000000000002,0.0,0.0,0.0
2019-11-17,0.0,5.37634,0.0,0.0,0.0,1.6632,0.0,0.0,0.0,0.0,4.61538,0.0,0.0,0.0,0.0,0.0,0.0,0.0,0.0,4.477609999999999,2.8763099999999997,0.0,0.0,0.0,0.0,0.0,0.23326,0.0,0.0,0.0
2019-11-18,6.45161,0.0,0.0,0.0,0.0,0.0,0.0,0.0,0.0,0.0,0.0,0.0,0.0,0.0,0.0,0.0,0.0,0.0,0.0,26.567159999999998,2.8763099999999997,0.0,0.0,0.47938000000000003,0.0,0.04485,0.38578,0.0,0.0,0.0
2019-11-19,0.0,20.4301,0.0,0.0,0.0,0.0,0.0,0.0,0.0,0.0,0.0,0.0,0.0,0.0,0.0,0.0,0.0,0.0,0.0,8.955219999999999,12.84755,0.0,0.0,0.0,0.0,0.0,0.26018,0.0,0.0,0.0
2019-11-20,0.0,0.0,0.0,0.0,0.0,2.2869,0.0,4.3659,0.0,0.0,9.23076,0.0,0.0,0.0,0.0,1.49253,0.0,0.0,0.0,5.97014,2.68456,0.0,0.0,0.0,0.0,0.0,0.49345,0.0,0.0,0.0
2019-11-21,0.0,5.37634,0.0,0.0,0.0,0.0,0.0,0.0,0.0,0.0,0.0,0.0,0.0,0.0,0.0,3.28358,0.0,0.0,0.0,5.373130000000001,4.41035,0.0,0.0,0.57526,0.0,0.0,0.24223000000000003,0.0,0.0,0.0
2019-11-22,0.0,0.0,0.0,0.0,13.978489999999999,0.0,0.0,0.0,0.0,0.0,0.0,0.0,0.0,0.0,0.0,0.0,0.0,0.0,0.0,26.86567,2.20517,0.0,0.0,0.0,0.0,0.0628,0.14354,0.0,0.0,0.0
2019-11-23,0.0,0.0,0.0,0.0,5.37634,0.0,0.0,0.0,0.0,0.0,3.84615,0.0,0.0,0.0,0.0,3.5820800000000004,0.0,0.0,0.0,4.477609999999999,2.01342,0.0,0.0,0.0,0.0,0.0,0.15252000000000002,0.0,0.0,0.0
2019-11-24,0.0,0.0,0.0,0.0,16.12903,0.0,0.0,0.0,0.0,0.0,0.0,0.0,0.0,0.0,0.0,3.28358,0.0,0.0,0.0,3.5820800000000004,1.62991,0.0,0.0,0.0,0.0,0.0,0.16149000000000002,0.0,0.0,0.0
2019-11-25,0.0,0.0,0.0,0.0,0.0,0.0,0.0,20.58212,0.0,0.0,0.0,0.0,0.0,0.0,0.0,1.49253,0.0,0.0,0.0,2.38805,17.64141,0.0,0.0,0.0,0.0,0.0,0.15252000000000002,0.0,0.0,0.0
2019-11-26,0.0,0.0,0.0,0.0,0.0,0.0,0.0,0.0,0.0,0.0,3.84615,0.0,0.0,0.0,0.0,0.0,0.0,0.0,0.0,0.0,3.25982,0.0,0.0,0.0,0.0,0.0,0.28709,0.0,0.0,0.0
2019-11-27,0.0,9.67741,0.0,0.0,0.0,0.0,0.0,0.0,0.0,0.0,12.30769,0.0,0.0,0.0,0.0,2.08955,0.0,0.0,0.0,2.38805,3.93096,0.0,0.0,0.9587700000000001,0.0,0.0,0.30504000000000003,0.0,0.0,0.0
2019-11-28,0.0,7.52688,0.0,0.0,0.0,0.0,0.0,0.0,0.0,0.0,5.3846099999999995,0.0,0.0,0.0,0.0,2.38805,0.0,0.0,0.0,2.38805,4.02684,0.0,0.0,1.7257900000000002,1.2464,0.0,0.22429000000000002,0.0,0.0,0.0
2019-11-29,0.0,13.978489999999999,0.0,0.0,0.0,0.0,0.0,0.0,0.0,0.0,4.61538,0.0,0.0,0.0,0.0,0.0,0.0,0.0,0.0,2.68656,2.30105,0.0,0.0,0.0,0.0,0.0,0.33195,0.0,0.0,0.0
2019-11-30,0.0,5.37634,0.0,0.0,0.0,0.0,1.8711,0.0,0.0,0.0,6.15384,0.0,0.0,0.0,0.0,0.0,0.0,0.0,0.0,2.68656,13.61457,0.0,0.0,0.0,0.0,0.0,0.1884,0.0,0.0,0.0
2019-12-01,0.0,17.2043,0.0,0.0,0.0,0.0,0.0,0.0,0.0,0.0,7.6923,0.0,0.0,0.0,0.0,1.7910400000000002,0.0,0.0,0.0,2.98507,3.64333,0.0,0.0,1.15052,0.0,0.0,0.25121,0.0,0.0,0.0
2019-12-02,0.0,22.58064,0.0,0.0,0.0,0.0,0.0,0.0,3.1185,0.0,0.0,0.0,0.0,0.0,0.0,1.49253,0.0,0.0,0.0,9.253730000000001,2.8763099999999997,0.0,0.0,2.58868,0.0,0.0,0.34092,0.0,0.0,0.0
2019-12-03,0.0,17.2043,0.0,0.0,0.0,0.0,1.0395,1.0395,0.0,0.0,4.61538,0.0,0.0,0.0,0.0,0.0,0.0,0.0,2.08955,8.65671,5.17737,0.0,0.0,0.57526,0.7670100000000001,0.0,0.51139,0.0,0.0,0.0
2019-12-04,0.0,25.80645,0.0,0.0,0.0,0.0,0.0,11.22661,0.0,0.0,5.3846099999999995,0.0,0.0,0.0,0.0,3.28358,0.0,0.0,0.0,2.38805,4.2186,0.0,0.0,0.0,0.0,0.0,0.66391,0.0,0.0,0.0
2019-12-05,0.0,22.58064,0.0,0.0,0.0,0.0,0.0,0.0,0.0,0.0,0.0,0.0,0.0,0.0,0.0,0.0,0.0,0.0,1.49253,3.88059,3.3557,0.0,0.0,0.0,0.0,0.0,0.25121,0.0,0.0,0.0
2019-12-06,0.0,17.2043,0.0,0.0,0.0,2.7027,0.0,1.0395,0.0,0.0,6.15384,0.0,0.0,0.0,0.0,0.0,0.0,0.0,0.0,27.46268,4.50623,0.0,0.0,0.0,0.0,0.0,0.23326,0.0,0.0,0.0
2019-12-07,0.0,5.37634,0.0,0.0,0.0,0.0,0.0,0.0,0.0,0.0,10.0,0.0,0.0,0.0,0.0,0.0,0.0,0.0,1.49253,3.88059,2.39693,0.0,0.0,0.0,0.0,0.0,0.56522,0.0,0.0,0.0
2019-12-08,0.0,10.75268,0.0,0.0,0.0,0.0,0.0,0.0,0.0,0.0,8.46153,0.0,0.0,0.0,0.0,1.7910400000000002,0.0,0.0,1.7910400000000002,34.62686,2.1093,0.0,0.0,1.8216599999999998,0.0,0.0,0.16149000000000002,0.0,0.0,0.0
2019-12-09,0.0,32.25806,0.0,0.0,0.0,0.0,0.0,0.0,0.0,0.0,0.0,0.0,0.0,0.0,0.0,0.0,0.0,0.0,1.7910400000000002,5.97014,2.39693,0.0,0.0,0.0,0.0,0.0628,0.17943,0.0,0.0,0.0
2019-12-10,0.0,31.18279,0.0,0.0,12.90322,0.0,0.0,0.0,0.0,0.0,4.61538,0.0,0.0,0.0,0.0,2.38805,0.0,0.0,2.68656,17.31343,1.62991,0.0,0.0,0.0,0.0,0.0,0.33195,0.0,0.0,0.0
2019-12-11,0.0,26.88172,0.0,0.0,0.0,0.0,0.0,0.0,0.0,0.0,0.0,0.0,0.0,0.0,0.0,0.0,2.08955,0.0,0.0,8.0597,2.9721900000000003,0.0,0.0,1.62991,0.0,0.0,0.14354,0.0,0.0,0.0
2019-12-12,0.0,21.505370000000003,0.0,0.0,0.0,0.0,0.0,0.0,0.0,0.0,5.3846099999999995,0.0,0.0,0.0,0.0,0.0,0.0,2.38805,3.5820800000000004,3.5820800000000004,2.1093,0.0,0.0,0.57526,0.0,0.0,0.17943,0.0,0.0,0.0
2019-12-13,0.0,12.90322,0.0,0.0,0.0,0.0,0.0,0.0,0.0,0.0,37.6923,0.0,0.0,0.0,0.0,2.38805,0.0,0.0,0.0,4.477609999999999,3.16395,0.0,0.0,1.05465,0.0,0.0,0.23326,0.0,0.0,0.0
2019-12-14,0.0,13.978489999999999,11.82795,0.0,0.0,4.158,0.0,6.6528,0.0,0.0,12.30769,0.0,0.0,0.0,0.0,1.7910400000000002,0.0,2.08955,2.38805,1.49253,2.30105,0.67114,0.0,1.05465,0.0,0.0,0.40373000000000003,0.0,0.0,0.0
2019-12-15,0.0,30.10752,0.0,0.0,0.0,0.0,0.0,0.0,0.0,0.0,6.15384,0.0,0.0,0.0,0.0,2.98507,0.0,0.0,0.0,2.38805,2.01342,0.0,0.0,0.0,0.0,0.0,0.20635,0.0,0.0,0.0
2019-12-16,0.0,36.559129999999996,0.0,0.0,0.0,0.0,0.0,0.0,0.0,0.0,0.0,0.0,0.0,0.0,0.0,1.49253,0.0,0.0,3.28358,2.38805,4.122719999999999,0.0,0.0,0.67114,0.0,0.0,0.25121,0.0,0.0,0.0
2019-12-17,0.0,12.90322,10.75268,0.0,6.45161,0.0,0.0,1.0395,0.0,0.0,0.0,0.0,0.0,0.0,0.0,0.0,0.0,2.68656,0.0,17.910439999999998,3.73921,0.0,0.0,1.7257900000000002,0.0,0.0,0.16149000000000002,0.0,0.0,0.0
2019-12-18,0.0,30.10752,0.0,0.0,0.0,0.0,1.2474,23.28482,0.0,0.0,6.15384,0.0,0.0,0.0,0.0,0.0,0.0,0.0,0.0,16.71641,1.2464,0.0,0.0,1.15052,0.0,0.0,0.26915,0.0,0.0,0.0
2019-12-19,0.0,5.37634,0.0,0.0,0.0,0.0,0.0,0.0,0.0,0.0,27.6923,0.0,0.0,0.0,0.0,0.0,0.0,0.0,0.0,6.56716,1.53403,0.0,0.0,0.57526,0.0,0.0,0.17943,0.0,0.0,0.0
2019-12-20,0.0,0.0,0.0,0.0,5.37634,0.0,0.0,0.0,1.2474,0.0,7.6923,0.0,0.0,0.0,0.0,0.0,0.0,0.0,0.0,5.0746199999999995,1.34228,0.0,0.0,0.47938000000000003,0.0,0.0,0.26018,0.0,0.0,0.04485
2019-12-21,0.0,0.0,17.2043,0.0,0.0,0.0,0.0,1.2474,0.0,0.0,13.84615,0.0,0.0,0.0,0.0,0.0,0.0,0.0,3.5820800000000004,3.88059,1.8216599999999998,0.0,0.0,0.0,0.8628899999999999,0.0,0.20635,0.0,0.0,0.0
2019-12-22,0.0,0.0,0.0,0.0,0.0,0.0,0.0,0.0,0.0,0.0,10.0,0.0,0.0,0.0,0.0,2.38805,1.49253,0.0,0.0,3.5820800000000004,1.53403,0.0,0.0,0.47938000000000003,0.0,0.0,0.26915,0.0,0.0,0.0
2019-12-23,0.0,5.37634,0.0,0.0,0.0,4.7817,0.0,0.0,0.0,0.0,9.23076,0.0,0.0,0.0,3.84615,1.7910400000000002,0.0,0.0,0.0,0.0,2.1093,0.0,0.0,0.57526,0.0,0.0,0.19738,0.0,0.0,0.0
2019-12-24,0.0,0.0,10.75268,0.0,0.0,0.0,0.0,8.316,0.0,0.0,13.07692,0.0,6.15384,0.0,0.0,0.0,0.0,2.68656,1.49253,13.43283,1.15052,0.0,0.0,0.47938000000000003,0.0,0.0,0.0628,0.0,0.0,0.0
2019-12-25,0.0,0.0,15.05376,0.0,0.0,0.0,1.6632,1.0395,0.0,0.0,23.84615,0.0,0.0,0.0,0.0,2.68656,0.0,2.98507,0.0,5.97014,3.06807,0.0,0.0,0.0,0.57526,0.0,0.66391,0.0,0.0,0.0
2019-12-26,0.0,0.0,0.0,0.0,0.0,0.0,0.0,0.0,0.0,0.0,12.30769,0.0,0.0,0.0,0.0,0.0,0.0,5.0746199999999995,3.28358,2.38805,1.2464,0.0,0.0,1.9175400000000002,0.0,0.0,0.31401,0.0,0.0,0.60111
2019-12-27,0.0,0.0,0.0,0.0,0.0,0.0,0.0,1.0395,0.0,0.0,14.615379999999998,0.0,0.0,0.0,0.0,1.49253,0.0,0.0,0.0,3.5820800000000004,2.68456,0.0,0.0,0.0,0.0,0.0,0.23326,0.0,0.0,0.10765999999999999
2019-12-28,0.0,0.0,17.2043,0.0,0.0,1.4553,2.7027,0.0,0.0,0.0,23.07692,0.0,0.0,0.0,0.0,0.0,0.0,2.98507,2.38805,11.94029,2.58868,0.0,0.0,0.0,0.0,0.0,1.44446,0.0,0.0,0.053829999999999996
2019-12-29,0.0,5.37634,0.0,0.0,0.0,0.0,1.0395,0.0,0.0,0.0,16.923070000000003,0.0,0.0,0.0,0.0,1.7910400000000002,0.0,0.0,1.49253,3.88059,3.64333,0.0,0.0,1.43815,0.0,0.0,0.36784,0.0,0.0,0.48446999999999996
2019-12-30,0.0,7.52688,0.0,0.0,0.0,0.0,0.0,2.079,0.0,0.0,17.6923,0.0,0.0,0.0,0.0,0.0,0.0,0.0,0.0,7.462680000000001,18.02492,0.0,0.0,2.58868,0.0,0.0,0.84335,0.0,0.0,0.15252000000000002
2019-12-31,0.0,0.0,0.0,0.0,0.0,0.0,0.0,45.53014,0.0,0.0,16.923070000000003,0.0,0.0,0.0,0.0,0.0,0.0,1.49253,0.0,0.0,2.1093,0.0,0.0,0.57526,0.0,0.0,0.27812,0.0,0.0,0.21531999999999998
2020-01-01,0.0,0.0,0.0,0.0,0.0,0.0,2.2869,4.158,1.2474,0.0,20.0,0.0,0.0,0.0,0.0,3.28358,0.0,2.08955,2.98507,15.820889999999999,56.9511,0.0,0.0,0.8628899999999999,0.0,0.0,0.57419,0.0,0.0,1.18428
2020-01-02,0.0,8.60215,5.37634,0.0,0.0,0.0,0.0,4.158,0.0,0.0,22.30769,0.0,0.0,0.0,0.0,0.0,0.0,5.0746199999999995,0.0,7.462680000000001,6.3279,0.0,0.0,1.15052,0.0,0.0,0.48446999999999996,0.0,0.0,0.30504000000000003
2020-01-03,0.0,0.0,0.0,0.0,0.0,0.0,0.0,2.9106,0.0,0.0,19.23076,0.0,0.0,0.0,0.0,1.7910400000000002,1.7910400000000002,0.0,0.0,2.68656,4.88974,0.0,0.0,1.62991,0.0,0.0,0.49345,0.0,0.0,0.89718
2020-01-04,0.0,0.0,0.0,0.0,7.52688,6.4449,0.0,2.9106,0.0,0.0,28.46153,0.0,0.0,0.0,0.0,0.0,0.0,0.0,0.0,5.373130000000001,6.51965,0.47938000000000003,0.0,0.0,0.0,0.0,0.6459699999999999,0.0,0.0,0.22429000000000002
2020-01-05,0.0,0.0,0.0,0.0,0.0,0.0,0.0,0.0,0.0,0.0,13.84615,0.0,0.0,0.0,0.0,0.0,0.0,0.0,0.0,50.74626,2.58868,0.0,0.0,0.0,0.0,0.0,0.4755,0.0,0.0,0.65494
2020-01-06,0.0,0.0,0.0,0.0,0.0,0.0,0.0,2.4948,1.0395,0.0,12.30769,0.0,0.0,0.0,0.0,3.5820800000000004,0.0,0.0,1.49253,9.55223,5.17737,0.0,0.0,3.06807,0.0,0.0,0.9330700000000001,0.0,0.0,1.7315599999999998
2020-01-07,0.0,8.60215,0.0,0.0,0.0,0.0,0.0,3.3264,0.0,0.0,20.0,0.0,0.0,0.0,0.0,1.7910400000000002,0.0,0.0,0.0,38.507459999999995,4.6021,0.0,0.0,2.1093,0.0,0.0,2.6108,0.0,0.0,0.54728
2020-01-08,0.0,8.60215,0.0,0.0,0.0,0.0,0.0,0.0,0.0,0.0,21.53846,0.0,0.0,0.0,0.0,1.49253,0.0,0.0,0.0,4.77611,7.0949100000000005,0.0,0.0,0.8628899999999999,0.0,0.0,0.54728,0.0,0.0,1.01381
2020-01-09,0.0,0.0,0.0,0.0,0.0,0.0,0.0,1.0395,0.0,0.0,13.07692,0.0,0.0,0.0,0.0,0.0,0.0,0.0,0.0,4.1791,8.8207,0.0,0.0,1.7257900000000002,0.0,0.0,0.51139,0.0,0.0,0.78054
2020-01-10,0.0,0.0,12.90322,0.0,0.0,0.0,0.0,0.0,0.0,0.0,16.923070000000003,0.0,0.0,0.0,0.0,0.0,0.0,1.7910400000000002,0.0,18.507460000000002,2.78044,0.0,0.0,0.47938000000000003,0.0,0.0,0.40373000000000003,0.0,0.0,1.45343
2020-01-11,0.0,9.67741,0.0,0.0,0.0,0.0,0.0,4.9896,0.0,0.0,14.615379999999998,0.0,0.0,0.0,0.0,0.0,0.0,3.5820800000000004,0.0,6.86567,2.20517,0.67114,0.0,0.47938000000000003,0.47938000000000003,0.0,1.57904,0.0,0.0,3.7591900000000003
2020-01-12,0.0,0.0,0.0,0.0,0.0,3.1185,0.0,0.0,1.2474,0.0,30.0,0.0,0.0,0.0,0.0,0.0,2.68656,0.0,2.08955,6.86567,2.58868,0.0,0.0,3.25982,0.0,0.0,2.00968,0.0,0.0,5.32029
2020-01-13,67.74193000000001,0.0,0.0,0.0,5.37634,0.0,0.0,1.4553,0.0,0.0,32.30769,0.0,0.0,0.0,0.0,0.0,0.0,0.0,0.0,6.26865,2.8763099999999997,0.0,0.0,1.62991,0.0,0.0,0.7626,0.0,0.0,4.50385
2020-01-14,0.0,0.0,0.0,0.0,0.0,1.0395,0.0,1.0395,0.0,0.0,26.15384,4.61538,0.0,0.0,0.0,1.7910400000000002,0.0,0.0,0.0,5.97014,3.73921,0.0,0.0,1.2464,0.0,0.0,2.07249,0.0,0.0,1.94688
2020-01-15,0.0,0.0,0.0,0.0,0.0,0.0,1.0395,0.0,0.0,0.0,20.76923,0.0,0.0,0.0,0.0,1.7910400000000002,0.0,1.7910400000000002,0.0,25.07462,4.02684,0.0,0.0,1.53403,0.0,0.0,0.62802,0.0,0.0,6.836530000000001
2020-01-16,0.0,0.0,0.0,0.0,0.0,0.0,0.0,0.0,0.0,0.0,8.46153,0.0,0.0,0.0,0.0,0.0,0.0,0.0,0.0,5.67164,4.122719999999999,0.0,0.0,1.43815,0.0,0.0,0.50242,0.0,0.0,2.4851900000000002
2020-01-17,0.0,0.0,0.0,0.0,0.0,0.0,2.079,0.0,0.0,0.0,13.07692,0.0,0.0,0.0,0.0,3.88059,0.0,0.0,0.0,8.0597,1.7257900000000002,0.0,0.0,1.8216599999999998,0.0,0.0,0.36784,0.0,0.0,1.3457700000000001
2020-01-18,0.0,0.0,0.0,0.0,5.37634,0.0,0.0,0.0,0.0,0.0,16.923070000000003,0.0,0.0,0.0,0.0,0.0,0.0,3.28358,2.08955,2.98507,2.01342,0.0,0.0,0.57526,0.0,0.0,0.28709,0.0,0.0,2.74537
2020-01-19,0.0,0.0,0.0,0.0,0.0,0.0,0.0,0.0,0.0,0.0,10.0,0.0,0.0,0.0,0.0,0.0,0.0,0.0,0.0,18.20895,3.25982,0.0,0.0,2.39693,0.0,0.0,0.66391,0.0,0.0,5.10497
2020-01-20,0.0,5.37634,0.0,0.0,0.0,0.0,0.0,0.0,1.0395,0.0,19.23076,0.0,0.0,0.0,0.0,1.49253,0.0,0.0,0.0,4.477609999999999,2.01342,0.0,0.0,0.67114,0.0,0.0,0.29607,0.0,0.0,2.91584
2020-01-21,0.0,0.0,0.0,0.0,5.37634,0.0,0.0,0.0,0.0,0.0,25.384610000000002,0.0,0.0,0.0,0.0,0.0,0.0,0.0,0.0,5.67164,4.122719999999999,0.0,0.0,0.0,0.0,0.0,0.52933,0.0,0.0,1.5341799999999999
2020-01-22,0.0,0.0,0.0,0.0,49.46236,0.0,0.0,32.43243,0.0,0.0,13.84615,0.0,0.0,0.0,0.0,0.0,0.0,2.08955,0.0,3.88059,4.79386,0.0,0.0,1.05465,0.0,0.0,0.25121,0.0,0.0,1.03176
2020-01-23,0.0,0.0,0.0,0.0,12.90322,0.0,0.0,1.4553,0.0,0.0,10.0,0.0,0.0,0.0,0.0,0.0,0.0,0.0,1.7910400000000002,3.5820800000000004,1.62991,0.0,0.0,0.9587700000000001,0.0,0.0,0.43961000000000006,0.0,0.0,0.7177399999999999
2020-01-24,20.4301,7.52688,0.0,0.0,0.0,0.0,0.0,54.88565,0.0,0.0,11.53846,0.0,0.0,0.0,0.0,0.0,0.0,0.0,0.0,6.56716,1.2464,0.0,0.0,0.0,0.0,0.0,0.25121,0.0,0.0,0.89718
2020-01-25,6.45161,0.0,0.0,0.0,0.0,0.0,0.0,4.3659,0.0,0.0,27.6923,0.0,0.0,0.0,0.0,0.0,0.0,0.0,2.08955,0.0,1.53403,0.0,0.0,0.57526,0.0,0.0,0.65494,0.0,0.0,1.74053
2020-01-26,17.2043,0.0,5.37634,0.0,5.37634,0.0,0.0,3.5343,0.0,0.0,49.23076,0.0,0.0,0.0,0.0,2.98507,0.0,0.0,3.28358,1.49253,2.58868,0.0,0.0,0.57526,0.0,0.0,0.35886999999999997,0.0,0.0,6.917269999999999
2020-01-27,0.0,6.45161,0.0,0.0,0.0,0.0,0.0,100.0,0.0,0.0,24.61538,0.0,0.0,0.0,0.0,0.0,0.0,0.0,3.28358,3.88059,2.8763099999999997,0.0,0.0,0.57526,0.0,0.0,0.6100800000000001,0.0,0.0,1.4624
2020-01-28,0.0,8.60215,0.0,0.0,0.0,0.0,1.0395,10.395010000000001,0.0,0.0,23.84615,0.0,0.0,0.0,0.0,0.0,0.0,0.0,0.0,14.32835,3.64333,0.0,0.0,0.47938000000000003,0.0,0.0,0.45756,0.0,0.0,3.14013
2020-01-29,0.0,0.0,0.0,0.0,0.0,0.0,0.0,28.898120000000002,0.0,0.0,32.30769,0.0,0.0,0.0,0.0,0.0,0.0,0.0,0.0,10.746260000000001,9.77948,0.0,0.0,0.0,0.0,0.0,1.27399,0.0,0.0,7.04288
2020-01-30,100.0,0.0,0.0,0.0,0.0,0.0,0.0,7.4844,0.0,0.0,26.923070000000003,0.0,0.0,0.0,0.0,2.08955,3.28358,0.0,1.7910400000000002,6.56716,31.25599,0.0,0.0,0.0,0.0,0.0,0.4755,0.0,0.0,2.30575
2020-01-31,9.67741,0.0,0.0,0.0,5.37634,0.0,0.0,39.085229999999996,0.0,0.0,18.46153,0.0,0.0,0.0,0.0,0.0,0.0,0.0,0.0,5.67164,51.19846,0.0,0.0,0.0,0.0,0.0,0.43961000000000006,0.0,0.0,1.20222
2020-02-01,0.0,0.0,0.0,0.0,29.03225,0.0,0.0,5.6133,1.0395,0.0,23.84615,0.0,0.0,0.0,0.0,0.0,0.0,0.0,2.08955,3.28358,5.65675,0.0,0.0,0.0,0.0,0.0,0.52933,0.0,0.0,6.89036
2020-02-02,7.52688,6.45161,0.0,0.0,8.60215,0.0,0.0,4.5738,0.0,0.0,28.46153,0.0,0.0,0.0,0.0,1.49253,0.0,0.0,1.49253,4.477609999999999,6.51965,0.0,0.0,2.1093,0.0,0.0,0.8523200000000001,0.0,0.0,4.97936
2020-02-03,0.0,5.37634,0.0,0.0,5.37634,0.0,0.0,3.3264,0.0,0.0,13.84615,0.0,0.0,0.0,0.0,0.0,0.0,0.0,0.0,6.56716,5.36912,0.0,0.0,1.05465,0.0,0.0,0.3499,0.0,0.0,6.917269999999999
2020-02-04,0.0,6.45161,0.0,0.0,0.0,0.0,0.0,2.7027,0.0,0.0,26.923070000000003,0.0,0.0,0.0,0.0,2.38805,0.0,0.0,0.0,3.5820800000000004,7.67018,0.0,0.0,1.15052,0.47938000000000003,0.0,0.52933,0.0,0.0,2.59285
2020-02-05,0.0,7.52688,6.45161,0.0,0.0,0.0,0.0,3.1185,0.0,0.0,24.61538,0.0,0.0,0.0,0.0,1.49253,0.0,0.0,0.0,3.28358,21.76414,0.0,0.0,0.47938000000000003,1.34228,0.0,2.18912,0.0,0.0,5.71505
2020-02-06,6.45161,0.0,0.0,0.0,5.37634,0.0,0.0,81.49688,0.0,0.0,27.6923,0.0,0.0,0.0,0.0,0.0,0.0,0.0,0.0,3.88059,49.47267,0.0,0.0,0.9587700000000001,0.0,0.0,0.36784,0.0,0.0,2.74537
2020-02-07,25.80645,0.0,0.0,0.0,0.0,0.0,0.0,4.7817,0.0,0.0,59.23076,0.0,0.0,0.0,0.0,0.0,0.0,0.0,0.0,4.477609999999999,9.97123,0.0,0.0,0.0,0.0,0.0,0.36784,0.04485,0.0,1.8751099999999998
2020-02-08,0.0,0.0,0.0,0.0,0.0,0.0,0.0,3.5343,0.0,0.0,24.61538,0.0,0.0,0.0,0.0,0.0,0.0,0.0,5.97014,3.88059,6.615530000000001,0.0,0.0,0.0,0.0,0.0,1.07661,0.0,0.0,4.16292
2020-02-09,0.0,0.0,0.0,0.0,0.0,0.0,0.0,5.4054,0.0,0.0,40.76923,0.0,0.0,0.0,0.0,2.38805,0.0,0.0,0.0,1.49253,4.2186,0.0,0.0,1.2464,0.0,0.0,0.46653,0.0,0.0,5.04216
2020-02-10,0.0,0.0,0.0,0.0,5.37634,0.0,0.0,22.869020000000003,0.0,0.0,23.07692,0.0,0.0,0.0,0.0,1.7910400000000002,0.0,0.0,4.1791,4.477609999999999,16.8744,0.0,0.0,1.2464,0.0,0.0,0.50242,0.0,0.0,4.8358099999999995
2020-02-11,7.52688,19.35483,0.0,0.0,0.0,0.0,0.0,5.8212,0.0,0.0,36.15384,0.0,0.0,0.0,0.0,1.7910400000000002,0.0,0.0,1.49253,17.910439999999998,10.067110000000001,0.0,0.0,0.9587700000000001,0.0,0.0,0.38578,0.0,0.0,6.684010000000001
2020-02-12,44.08602,5.37634,5.37634,0.0,0.0,0.0,0.0,2.7027,0.0,0.0,33.07692,0.0,0.0,0.0,0.0,2.98507,0.0,4.477609999999999,0.0,5.67164,5.65675,0.0,0.0,1.53403,0.0,0.0,0.78054,0.0,0.0,24.1073
2020-02-13,0.0,0.0,0.0,0.0,0.0,0.0,0.0,36.17463,0.0,0.0,35.384609999999995,0.0,0.0,0.0,0.0,3.28358,0.0,0.0,0.0,7.462680000000001,6.7114,0.0,0.0,0.8628899999999999,0.0,0.0,0.42167,0.0,0.0,5.40104
2020-02-14,0.0,5.37634,0.0,0.0,0.0,0.0,0.0,9.9792,0.0,0.0,26.923070000000003,0.0,0.0,0.0,0.0,1.7910400000000002,0.0,0.0,0.0,4.477609999999999,7.95781,0.0,0.0,1.2464,0.0,0.0,0.3499,0.0,0.0,3.86685
2020-02-15,0.0,0.0,0.0,0.0,0.0,2.4948,0.0,1.6632,0.0,0.0,25.384610000000002,0.0,0.0,0.0,0.0,1.49253,2.38805,0.0,0.0,3.5820800000000004,4.2186,0.0,0.0,0.47938000000000003,0.0,0.0,3.1760200000000003,0.0,0.0,2.97864
2020-02-16,0.0,0.0,0.0,0.0,9.67741,0.0,0.0,4.9896,0.0,0.0,28.46153,0.0,0.0,0.0,0.0,4.477609999999999,0.0,0.0,1.49253,4.477609999999999,100.0,0.0,0.0,0.8628899999999999,0.0,0.0,0.7267100000000001,0.0,0.0,20.07895
2020-02-17,5.37634,5.37634,0.0,0.0,0.0,0.0,0.0,18.71101,0.0,0.0,20.76923,0.0,0.0,0.0,0.0,4.1791,0.0,0.0,2.38805,4.477609999999999,10.83413,0.0,0.0,2.9721900000000003,0.0,0.0,3.4631199999999995,0.0,0.0,32.27166
2020-02-18,7.52688,11.82795,0.0,0.0,0.0,0.0,0.0,3.1185,0.0,0.0,30.0,0.0,0.0,0.0,0.0,2.98507,1.49253,0.0,0.0,3.88059,14.28571,0.0,0.0,3.25982,0.0,0.0,0.7626,0.0,0.0,6.86344
2020-02-19,6.45161,11.82795,0.0,0.0,0.0,0.0,0.0,3.9501,0.0,0.0,31.538459999999997,0.0,0.0,0.0,0.0,2.38805,0.0,7.462680000000001,0.0,5.373130000000001,11.40939,0.0,0.0,0.67114,0.0,0.0,2.1352900000000004,0.0,0.0,11.34936
2020-02-20,0.0,0.0,0.0,0.0,0.0,0.0,0.0,2.079,1.4553,0.0,20.76923,0.0,0.0,0.0,0.0,2.38805,0.0,6.56716,2.68656,7.761189999999999,38.830290000000005,0.0,0.0,0.0,0.0,0.0,0.74466,0.0,0.0,4.90759
2020-02-21,0.0,5.37634,0.0,0.0,0.0,0.0,0.0,2.079,0.0,0.0,12.30769,0.0,0.0,0.0,0.0,0.0,0.0,1.49253,2.68656,45.97014,8.34132,0.0,0.0,1.43815,0.0,0.0,0.60111,0.0,0.0,19.2984
2020-02-22,0.0,0.0,0.0,0.0,44.08602,0.0,0.0,2.079,0.0,0.0,13.84615,0.0,0.0,0.0,0.0,2.68656,0.0,2.08955,2.08955,4.1791,5.56088,0.0,0.0,1.43815,0.0,0.0,0.5383,0.0,0.0,28.38686
2020-02-23,0.0,11.82795,0.0,0.0,0.0,0.0,0.0,6.4449,0.0,0.0,16.923070000000003,0.0,0.0,0.0,0.0,1.7910400000000002,2.98507,0.0,0.0,5.67164,10.73825,0.0,0.0,0.57526,0.0,0.0,0.57419,0.0,0.0,10.9546
2020-02-24,0.0,7.52688,0.0,0.0,0.0,0.0,0.0,3.1185,0.0,0.0,8.46153,0.0,0.0,0.0,0.0,2.38805,0.0,0.0,0.0,6.26865,7.95781,0.0,0.0,0.0,0.0,0.0,1.6867,0.0,0.0,4.9973
2020-02-25,0.0,7.52688,0.0,0.0,0.0,0.0,0.0,3.9501,0.0,0.0,20.0,0.0,4.61538,0.0,0.0,1.49253,0.0,3.5820800000000004,0.0,9.85074,8.72483,0.0,0.0,0.0,0.0,0.0,0.61905,0.0,0.0,9.38453
2020-02-26,0.0,0.0,0.0,0.0,0.0,0.0,0.0,2.079,0.0,0.0,13.84615,0.0,0.0,7.6923,0.0,0.0,0.0,0.0,0.0,26.86567,12.08053,0.0,0.0,0.47938000000000003,0.0,0.0,0.61905,0.0,0.0,5.176740000000001
2020-02-27,0.0,0.0,0.0,0.0,0.0,0.0,0.0,0.0,0.0,0.0,40.0,0.0,0.0,0.0,3.84615,0.0,0.0,1.49253,0.0,19.40298,27.4209,0.57526,0.0,0.47938000000000003,0.0,0.0,2.3506099999999996,0.0,0.0,4.39619
2020-02-28,26.88172,6.45161,0.0,0.0,0.0,0.0,0.0,0.0,0.0,0.0,40.0,0.0,0.0,0.0,0.0,3.88059,0.0,1.49253,2.38805,11.64179,7.95781,0.0,0.0,0.0,0.0,0.0,0.57419,0.0,0.0,12.43495
2020-02-29,0.0,0.0,0.0,0.0,0.0,0.0,0.0,0.0,0.0,0.0,100.0,0.0,0.0,0.0,0.0,1.49253,0.0,0.0,0.0,81.19402,8.91658,0.8628899999999999,0.0,1.62991,0.0,0.0,0.78054,0.0,0.0,42.91225
2020-03-01,0.0,0.0,0.0,0.0,0.0,0.0,0.0,49.27234,0.0,0.0,30.0,0.0,0.0,0.0,0.0,2.08955,2.98507,0.0,0.0,13.13432,7.86193,0.0,0.0,0.7670100000000001,0.0,0.0,0.50242,0.0,0.0,7.9938899999999995
2020-03-02,18.27956,6.45161,0.0,0.0,0.0,0.0,0.0,2.4948,0.0,0.0,32.30769,0.0,8.46153,0.0,0.0,6.86567,0.0,0.0,0.0,18.507460000000002,6.80728,0.0,0.0,0.57526,0.0,0.0,0.5383,0.0,0.0,5.1588
2020-03-03,0.0,11.82795,0.0,0.0,0.0,0.0,0.0,2.7027,0.0,0.0,33.84615,0.0,0.0,0.0,0.0,2.68656,0.0,0.0,0.0,7.761189999999999,7.0949100000000005,0.0,0.0,0.0,0.0,0.0,1.08559,0.0,0.0,37.1972
2020-03-04,0.0,5.37634,0.0,0.0,0.0,0.0,0.0,12.05821,1.0395,0.0,41.53846,0.0,0.0,0.0,0.0,1.7910400000000002,0.0,0.0,0.0,7.761189999999999,6.13614,0.0,0.0,0.67114,0.0,0.0,0.48446999999999996,0.0,0.0,14.399779999999998
2020-03-05,0.0,6.45161,5.37634,0.0,35.48387,0.0,0.0,2.9106,0.0,0.0,28.46153,0.0,0.0,0.0,0.0,0.0,0.0,2.68656,3.88059,7.1641699999999995,7.86193,0.0,0.0,0.7670100000000001,0.0,0.0,0.63699,0.0,0.0,6.05598
2020-03-06,22.58064,0.0,19.35483,0.0,0.0,0.0,0.0,3.3264,0.0,0.0,23.07692,0.0,0.0,0.0,0.0,0.0,0.0,2.08955,0.0,6.26865,6.3279,0.0,0.0,0.0,0.0,0.0,0.39476,0.0,0.0,5.14085
2020-03-07,0.0,5.37634,0.0,0.0,8.60215,0.0,0.0,4.158,1.0395,0.0,50.0,0.0,0.0,0.0,0.0,0.0,0.0,0.0,2.98507,9.253730000000001,8.72483,0.0,0.0,0.9587700000000001,0.0,0.0,0.45756,0.0,0.0,14.09474
2020-03-08,0.0,0.0,0.0,0.0,0.0,0.0,0.0,1.8711,0.0,0.0,33.84615,0.0,0.0,0.0,0.0,3.88059,0.0,0.0,0.0,42.08955,4.41035,0.0,0.0,0.8628899999999999,0.0,0.0,2.55697,0.0,0.0,12.39906
2020-03-09,37.6344,10.75268,0.0,0.0,0.0,0.0,0.0,1.8711,0.0,0.0,19.23076,0.0,0.0,0.0,0.0,0.0,0.0,0.0,0.0,9.85074,88.20709000000001,0.0,0.0,1.05465,0.0,0.0,0.87026,0.0,0.0,5.39206
2020-03-10,0.0,0.0,0.0,0.0,0.0,5.1975,0.0,1.4553,0.0,1.4553,68.46153000000001,0.0,0.0,0.0,0.0,0.0,2.08955,0.0,0.0,8.65671,35.37871,0.0,0.0,0.57526,0.0,0.0,3.11322,0.0,0.0,6.2085
2020-03-11,0.0,11.82795,0.0,0.0,0.0,0.0,0.0,0.0,0.0,0.0,37.6923,0.0,0.0,0.0,0.0,4.1791,1.49253,0.0,0.0,10.746260000000001,8.4372,0.0,0.0,0.47938000000000003,0.0,0.0,0.6459699999999999,0.0,0.0,33.30342
2020-03-12,0.0,6.45161,0.0,0.0,0.0,0.0,0.0,1.4553,0.0,0.0,35.384609999999995,0.0,0.0,0.0,0.0,1.49253,0.0,0.0,0.0,8.65671,10.35474,0.0,0.0,0.0,0.0,0.0,0.70877,0.0,0.0,8.236130000000001
2020-03-13,0.0,10.75268,0.0,0.0,0.0,8.5239,0.0,0.0,0.0,0.0,33.84615,3.84615,0.0,0.0,0.0,5.0746199999999995,2.08955,3.5820800000000004,0.0,11.64179,32.31064,0.0,0.0,0.0,0.0,0.0,0.58316,0.0,0.0,11.205810000000001
2020-03-14,0.0,23.655910000000002,0.0,0.0,5.37634,0.0,0.0,0.0,0.0,1.0395,53.076919999999994,0.0,0.0,0.0,0.0,1.7910400000000002,4.1791,0.0,0.0,10.44776,12.368160000000001,0.0,0.0,0.57526,0.0,0.0,3.45415,0.0,0.0,5.975230000000001
2020-03-15,0.0,15.05376,0.0,0.0,0.0,0.0,0.0,1.6632,0.0,0.0,42.30769,0.0,0.0,0.0,0.0,2.98507,0.0,0.0,0.0,78.80597,6.423769999999999,0.0,0.0,0.7670100000000001,0.0,0.0,0.67288,0.0,0.0,9.87798
2020-03-16,10.75268,10.75268,0.0,0.0,0.0,0.0,0.0,13.51351,0.0,0.0,71.53846,0.0,4.61538,0.0,0.0,6.86567,0.0,0.0,0.0,14.02985,5.36912,0.0,0.0,1.15052,0.0,0.0,2.0994,0.0,0.0,47.416109999999996
2020-03-17,0.0,0.0,0.0,0.0,0.0,0.0,0.0,2.7027,1.0395,0.0,45.384609999999995,0.0,0.0,0.0,0.0,2.08955,0.0,0.0,0.0,85.67164,6.80728,0.0,0.0,0.67114,0.0,0.0,0.87026,0.0,0.0,10.80208
2020-03-18,0.0,0.0,5.37634,0.0,0.0,0.0,0.0,2.079,0.0,0.0,29.230759999999997,4.61538,0.0,0.0,0.0,0.0,0.0,0.0,2.38805,17.01492,6.423769999999999,0.0,0.0,1.15052,0.0,0.0,2.36856,0.0,0.0,10.76619
2020-03-19,0.0,0.0,0.0,0.0,5.37634,0.0,0.0,2.7027,0.0,0.0,20.0,0.0,0.0,0.0,0.0,0.0,0.0,0.0,1.49253,12.53731,34.9952,0.0,0.0,0.0,0.0,0.0,0.52036,0.0,0.0,11.84281
2020-03-20,0.0,11.82795,0.0,0.0,0.0,0.0,0.0,14.137210000000001,0.0,0.0,30.0,0.0,0.0,0.0,0.0,2.68656,2.98507,0.0,0.0,13.43283,6.2320199999999994,0.0,0.0,0.0,0.0,0.0,0.65494,0.0,0.0,8.91799
2020-03-21,0.0,10.75268,0.0,0.0,0.0,2.9106,0.0,0.0,0.0,0.0,30.76923,0.0,0.0,0.0,0.0,2.68656,0.0,0.0,2.08955,7.462680000000001,4.79386,0.0,0.0,0.0,0.0,0.0,3.57975,0.0,0.0,9.56396
2020-03-22,0.0,7.52688,0.0,0.0,0.0,0.0,0.0,1.4553,0.0,0.0,27.6923,0.0,0.0,0.0,0.0,3.5820800000000004,0.0,0.0,0.0,38.20895,7.38255,0.0,0.0,1.43815,0.0,0.0,0.49345,0.0,0.0,8.80136
2020-03-23,0.0,6.45161,0.0,0.0,0.0,0.0,0.0,0.0,1.4553,0.0,27.6923,7.6923,0.0,0.0,0.0,5.0746199999999995,0.0,0.0,0.0,11.34328,13.9022,0.0,0.57526,0.0,0.0,0.0,0.66391,0.0,0.0,20.65314
2020-03-24,0.0,6.45161,0.0,0.0,0.0,4.7817,0.0,1.2474,0.0,0.0,26.15384,0.0,0.0,0.0,0.0,1.7910400000000002,0.0,0.0,0.0,16.1194,6.903160000000001,0.0,0.0,0.0,0.0,0.0,1.77642,0.0,0.0,14.085770000000002
2020-03-25,0.0,5.37634,0.0,0.0,0.0,0.0,0.0,12.68191,0.0,0.0,43.07692,0.0,0.0,0.0,0.0,0.0,0.0,0.0,0.0,62.08955,25.50335,0.0,0.0,0.0,0.0,0.0,0.63699,0.0,0.0,15.61098
2020-03-26,0.0,5.37634,0.0,0.0,0.0,0.0,0.0,2.079,0.0,2.2869,20.0,0.0,0.0,0.0,0.0,1.49253,0.0,3.5820800000000004,0.0,10.746260000000001,5.65675,0.0,0.0,0.0,0.0,0.0,0.39476,0.0,0.0,11.22375
2020-03-27,0.0,0.0,0.0,0.0,0.0,0.0,1.0395,1.4553,0.0,0.0,31.538459999999997,0.0,0.0,0.0,0.0,2.08955,0.0,0.0,0.0,7.761189999999999,3.54745,0.0,0.0,0.8628899999999999,0.0,0.0,3.23883,0.0,0.0,6.666060000000001
2020-03-28,0.0,0.0,8.60215,0.0,0.0,0.0,0.0,1.6632,1.0395,0.0,19.23076,0.0,0.0,0.0,0.0,1.7910400000000002,0.0,2.98507,1.49253,5.97014,64.5254,0.0,0.0,0.0,0.0,0.0,0.56522,0.0,0.0,14.65996
2020-03-29,0.0,0.0,0.0,0.0,0.0,2.9106,0.0,0.0,0.0,0.0,33.07692,0.0,0.0,0.0,0.0,2.38805,0.0,0.0,0.0,11.94029,13.0393,0.47938000000000003,0.0,0.0,0.0,0.0,2.4493,0.0,0.0,45.702490000000004
2020-03-30,0.0,15.05376,0.0,0.0,6.45161,0.0,0.0,0.0,0.0,0.0,20.0,6.92307,0.0,0.0,0.0,5.0746199999999995,0.0,0.0,0.0,12.53731,9.10834,0.0,0.0,0.47938000000000003,0.0,0.0,0.94204,0.0,0.0,10.24582
2020-03-31,0.0,17.2043,0.0,0.0,0.0,1.0395,0.0,0.0,0.0,0.0,10.76923,0.0,0.0,0.0,0.0,1.7910400000000002,0.0,0.0,0.0,12.2388,57.71811999999999,0.0,0.0,0.0,0.0,0.0,1.48932,0.0,0.0,20.321189999999998
2020-04-01,0.0,12.90322,0.0,0.0,0.0,0.0,0.0,1.0395,0.0,0.0,17.6923,0.0,0.0,0.0,0.0,2.38805,0.0,0.0,0.0,32.53731,17.35378,0.0,0.0,0.0,0.0,0.0,0.4755,0.0,0.0,11.92356
2020-04-02,0.0,0.0,0.0,0.0,0.0,0.0,0.0,0.0,0.0,0.0,20.76923,0.0,6.92307,0.0,0.0,3.88059,1.49253,0.0,0.0,5.97014,9.49185,0.0,0.0,1.9175400000000002,0.0,0.0,1.2919399999999999,0.0,0.0,11.044319999999999
2020-04-03,0.0,0.0,0.0,0.0,0.0,0.0,0.0,9.5634,0.0,0.0,20.76923,0.0,0.0,0.0,0.0,2.98507,0.0,0.0,0.0,6.56716,30.7766,0.0,0.0,0.0,0.0,0.0,1.01381,0.0,0.0,27.18464
2020-04-04,0.0,7.52688,0.0,0.0,0.0,0.0,0.0,1.6632,0.0,0.0,17.6923,0.0,0.0,0.0,0.0,1.7910400000000002,0.0,0.0,0.0,3.5820800000000004,8.91658,0.0,0.0,0.8628899999999999,0.0,0.0,2.0186599999999997,0.0,0.0,9.1692
2020-04-05,0.0,5.37634,0.0,0.0,0.0,0.0,0.0,1.0395,1.0395,0.0,13.07692,3.84615,0.0,0.0,0.0,2.38805,0.0,0.0,0.0,5.67164,10.5465,0.0,0.0,1.62991,0.0,0.0,0.54728,0.0,0.0,9.59985
2020-04-06,0.0,0.0,0.0,0.0,8.60215,0.0,0.0,0.0,0.0,1.6632,23.84615,0.0,0.0,0.0,0.0,3.5820800000000004,0.0,0.0,0.0,9.85074,21.76414,0.0,0.0,0.67114,0.0,0.0,0.6100800000000001,0.0,0.0,9.22303
2020-04-07,0.0,16.12903,0.0,0.0,13.978489999999999,0.0,0.0,22.45322,1.0395,0.0,24.61538,0.0,0.0,0.0,0.0,5.0746199999999995,0.0,0.0,0.0,8.0597,9.10834,0.0,0.0,0.0,0.0,0.0,0.6998,0.0,0.0,27.14875
2020-04-08,0.0,0.0,0.0,0.0,15.05376,0.0,0.0,1.0395,1.0395,0.0,15.38461,0.0,0.0,0.0,0.0,0.0,1.49253,0.0,0.0,62.08955,9.10834,0.0,0.0,0.0,0.0,0.0,0.58316,0.0,0.0,14.62408
2020-04-09,0.0,0.0,0.0,0.0,0.0,0.0,0.0,0.0,0.0,0.0,18.46153,0.0,0.0,0.0,0.0,1.49253,0.0,0.0,1.7910400000000002,18.507460000000002,6.2320199999999994,0.0,0.0,1.43815,0.0,0.0,1.95585,0.0,0.0,13.99605
2020-04-10,0.0,18.27956,0.0,0.0,0.0,0.0,0.0,0.0,0.0,0.0,13.07692,4.61538,0.0,0.0,0.0,2.38805,0.0,0.0,0.0,14.62686,5.465,0.0,0.0,0.0,0.0,0.0,0.60111,0.0,0.0,7.49147
2020-04-11,5.37634,0.0,0.0,0.0,0.0,0.0,0.0,0.0,1.4553,0.0,20.76923,0.0,0.0,0.0,0.0,2.98507,0.0,0.0,0.0,8.955219999999999,6.51965,0.0,0.0,0.57526,0.0,0.0,0.46653,0.0,0.0,14.785570000000002
2020-04-12,0.0,9.67741,0.0,0.0,0.0,0.0,0.0,1.4553,0.0,0.0,27.6923,0.0,0.0,0.0,0.0,0.0,0.0,0.0,0.0,49.55223,6.51965,0.0,0.0,0.8628899999999999,0.0,0.0,0.50242,0.0,0.0,14.67791
2020-04-13,0.0,6.45161,0.0,0.0,0.0,0.0,0.0,1.2474,1.0395,0.0,28.46153,0.0,0.0,0.0,0.0,2.08955,0.0,0.0,0.0,5.67164,8.149560000000001,0.0,0.0,0.7670100000000001,0.0,0.0,0.40373000000000003,0.0,0.0,7.249230000000001
2020-04-14,0.0,5.37634,0.0,0.0,0.0,0.0,0.0,2.4948,0.0,0.0,15.38461,0.0,0.0,0.0,0.0,1.49253,0.0,0.0,0.0,7.761189999999999,4.985609999999999,0.0,0.0,0.0,0.0,0.0,0.34092,0.0,0.0,16.83115
2020-04-15,0.0,5.37634,0.0,0.0,0.0,0.0,0.0,0.0,0.0,0.0,15.38461,0.0,0.0,0.0,0.0,1.7910400000000002,0.0,12.2388,2.08955,9.55223,97.60306,0.0,0.0,0.0,0.0,0.0,0.74466,0.0,0.0,7.63502
2020-04-16,31.18279,6.45161,0.0,0.0,0.0,0.0,0.0,0.0,0.0,0.0,14.615379999999998,0.0,0.0,0.0,0.0,1.7910400000000002,0.0,2.08955,0.0,17.61194,87.15244,0.0,0.0,0.0,0.0,0.0,0.33195,0.0,0.0,5.8047699999999995
2020-04-17,0.0,0.0,0.0,0.0,7.52688,0.0,0.0,29.937620000000003,0.0,0.0,13.84615,0.0,5.3846099999999995,0.0,0.0,1.7910400000000002,0.0,0.0,0.0,8.65671,16.0115,0.0,0.0,0.0,0.0,0.0,1.44446,0.0,0.0,5.68813
2020-04-18,6.45161,11.82795,0.0,0.0,0.0,0.0,0.0,2.7027,0.0,0.0,20.76923,0.0,0.0,0.0,0.0,0.0,0.0,0.0,0.0,6.26865,12.943430000000001,0.0,0.0,0.8628899999999999,0.0,0.0,1.3996,0.0,0.0,24.6815
2020-04-19,0.0,12.90322,0.0,0.0,0.0,0.0,0.0,0.0,0.0,0.0,27.6923,0.0,0.0,0.0,0.0,1.7910400000000002,0.0,0.0,0.0,13.13432,11.50527,0.0,0.0,1.7257900000000002,0.0,0.0,0.96895,0.0,0.0,7.97595
2020-04-20,20.4301,10.75268,0.0,0.0,0.0,0.0,0.0,1.0395,0.0,0.0,8.46153,0.0,0.0,0.0,0.0,2.08955,0.0,0.0,0.0,10.44776,6.51965,0.0,0.0,1.62991,0.0,0.0,0.8343799999999999,0.0,0.0,10.93665
2020-04-21,0.0,6.45161,0.0,0.0,0.0,8.1081,0.0,7.6923,0.0,0.0,16.15384,0.0,10.0,0.0,0.0,1.7910400000000002,1.7910400000000002,0.0,0.0,6.26865,7.38255,0.0,0.0,0.0,0.0,0.0,0.61905,0.0,0.0,6.17261
2020-04-22,0.0,8.60215,0.0,0.0,0.0,0.0,0.0,13.097710000000001,0.0,0.0,19.23076,0.0,7.6923,0.0,0.0,2.08955,0.0,0.0,0.0,12.53731,9.87535,0.0,0.0,0.0,0.0,0.0,0.46653,0.0,0.0,7.49147
2020-04-23,6.45161,13.978489999999999,0.0,0.0,0.0,0.0,0.0,7.6923,0.0,0.0,13.07692,0.0,0.0,0.0,0.0,1.7910400000000002,0.0,3.5820800000000004,0.0,46.26865,6.13614,0.0,0.0,0.0,0.0,0.0,0.75363,0.0,0.0,6.57635
2020-04-24,0.0,7.52688,0.0,0.0,0.0,0.0,0.0,17.87941,0.0,0.0,17.6923,0.0,0.0,0.0,0.0,1.7910400000000002,0.0,0.0,0.0,11.04477,4.69798,0.0,0.0,0.0,0.0,0.0,0.30504000000000003,0.0,0.0,5.01525
2020-04-25,0.0,6.45161,0.0,0.0,0.0,0.0,0.0,4.3659,0.0,0.0,26.15384,0.0,0.0,0.0,0.0,0.0,0.0,0.0,0.0,5.67164,3.93096,0.47938000000000003,0.0,0.0,0.0,0.0,0.6998,0.0,0.0,7.91315
2020-04-26,0.0,20.4301,0.0,0.0,0.0,0.0,0.0,6.0291,0.0,0.0,24.61538,0.0,0.0,0.0,0.0,2.68656,1.49253,0.0,1.49253,5.67164,4.50623,0.0,0.0,0.0,0.0,0.0,0.73568,0.0,0.0,33.1509
2020-04-27,23.655910000000002,0.0,0.0,0.0,0.0,0.0,0.0,2.4948,0.0,0.0,21.53846,0.0,0.0,0.0,0.0,2.08955,0.0,0.0,0.0,4.77611,16.49089,0.0,0.0,0.0,0.0,0.0,0.44859,0.0,0.0,8.59501
2020-04-28,0.0,10.75268,0.0,0.0,0.0,0.0,0.0,30.35343,0.0,0.0,24.61538,0.0,0.0,0.0,0.0,3.28358,0.0,0.0,0.0,2.08955,7.5743,0.0,0.0,0.0,0.0,0.0,0.23326,0.0,0.0,5.9842
2020-04-29,0.0,0.0,0.0,0.0,0.0,0.0,0.0,2.4948,0.0,0.0,10.76923,0.0,0.0,0.0,0.0,1.7910400000000002,2.08955,0.0,0.0,33.73134,6.999039999999999,0.0,0.0,0.47938000000000003,0.0,0.0,0.62802,0.0,0.0,26.42203
2020-04-30,0.0,5.37634,0.0,0.0,0.0,7.6923,0.0,1.6632,0.0,0.0,26.923070000000003,0.0,0.0,0.0,0.0,2.38805,0.0,0.0,2.98507,5.0746199999999995,39.78906,0.0,0.0,0.0,0.0,0.0,0.45756,0.0,0.0,7.500439999999999
2020-05-01,0.0,6.45161,0.0,0.0,0.0,0.0,0.0,2.4948,1.2474,0.0,33.84615,0.0,0.0,0.0,0.0,1.49253,0.0,0.0,2.68656,38.20895,5.0814900000000005,0.0,0.0,0.0,0.0,0.0,0.43961000000000006,0.0,0.0,4.61151
2020-05-02,6.45161,11.82795,0.0,0.0,9.67741,0.0,0.0,1.0395,0.0,1.8711,28.46153,0.0,0.0,0.0,0.0,5.0746199999999995,0.0,2.68656,2.68656,4.477609999999999,3.3557,0.0,0.0,0.0,0.0,0.0,0.43063999999999997,0.0,0.0,30.16328
2020-05-03,26.88172,5.37634,0.0,0.0,8.60215,0.0,0.0,1.6632,0.0,0.0,22.30769,0.0,0.0,0.0,0.0,3.88059,0.0,0.0,0.0,4.477609999999999,12.943430000000001,0.0,0.0,3.25982,0.0,0.0,0.46653,0.0,0.0,6.7827
2020-05-04,0.0,7.52688,0.0,0.0,0.0,0.0,0.0,0.0,0.0,0.0,26.15384,0.0,0.0,0.0,0.0,1.7910400000000002,0.0,0.0,0.0,8.3582,3.64333,0.0,0.0,0.0,0.0,0.0,0.32298000000000004,0.0,0.0,7.859319999999999
2020-05-05,0.0,15.05376,0.0,0.0,0.0,0.0,0.0,2.079,1.0395,2.079,16.923070000000003,0.0,0.0,0.0,0.0,0.0,0.0,0.0,0.0,4.477609999999999,4.02684,0.0,0.0,0.0,0.0,0.0,0.38578,0.0,0.0,31.67952
2020-05-06,0.0,7.52688,0.0,0.0,0.0,0.0,0.0,23.908520000000003,0.0,0.0,26.15384,0.0,0.0,0.0,0.0,2.08955,0.0,0.0,0.0,4.77611,20.51773,0.0,0.0,0.47938000000000003,0.0,0.0,0.94204,0.0,0.0,8.98977
2020-05-07,0.0,6.45161,0.0,0.0,0.0,0.0,0.0,3.3264,0.0,0.0,17.6923,0.0,0.0,0.0,0.0,8.0597,2.98507,0.0,0.0,6.86567,4.985609999999999,0.0,0.0,1.2464,0.0,0.0,0.30504000000000003,0.0,0.0,5.3472
2020-05-08,0.0,5.37634,0.0,0.0,0.0,0.0,0.0,25.571720000000003,1.0395,0.0,19.23076,0.0,0.0,0.0,0.0,4.1791,0.0,0.0,0.0,3.28358,6.80728,0.0,0.0,0.0,0.0,0.0,0.52036,0.0,0.0,11.46599
2020-05-09,52.68816999999999,0.0,0.0,0.0,0.0,0.0,0.0,9.3555,0.0,3.3264,23.07692,0.0,0.0,0.0,0.0,0.0,1.49253,0.0,0.0,7.1641699999999995,4.41035,0.0,0.0,0.0,0.0,0.0,0.45756,0.0,0.0,6.9083
2020-05-10,10.75268,0.0,6.45161,0.0,0.0,0.0,0.0,3.7422,0.0,0.0,21.53846,0.0,0.0,0.0,0.0,2.08955,0.0,0.0,1.7910400000000002,3.5820800000000004,4.41035,0.0,0.0,1.05465,0.0,0.0,0.96895,0.0,0.0,4.7640400000000005
2020-05-11,0.0,5.37634,0.0,0.0,0.0,0.0,0.0,12.05821,0.0,0.0,13.07692,0.0,0.0,0.0,0.0,0.0,0.0,0.0,0.0,20.89552,4.41035,0.0,0.0,1.53403,0.0,0.0,1.14839,0.0,0.0,11.68132
2020-05-12,0.0,5.37634,0.0,0.0,0.0,0.0,0.0,16.21621,1.2474,0.0,20.76923,0.0,0.0,0.0,0.0,0.0,0.0,0.0,0.0,3.88059,6.7114,0.0,0.0,1.34228,0.0,0.0,1.6418400000000002,0.0,0.0,77.15772
2020-05-13,0.0,6.45161,9.67741,0.0,0.0,0.0,0.0,5.1975,0.0,0.0,19.23076,0.0,0.0,0.0,0.0,2.08955,0.0,2.08955,0.0,5.0746199999999995,2.8763099999999997,0.0,0.0,0.0,0.0,0.0,1.38166,0.0,0.0,100.0
2020-05-14,7.52688,0.0,0.0,0.0,0.0,0.0,0.0,90.02079,0.0,0.0,20.0,0.0,0.0,0.0,0.0,1.49253,0.0,0.0,0.0,7.1641699999999995,3.54745,0.0,0.0,0.0,0.0,0.0,0.66391,0.0,0.0,38.05849
2020-05-15,0.0,12.90322,0.0,0.0,5.37634,0.0,0.0,33.88773,0.0,1.4553,10.0,0.0,0.0,0.0,0.0,1.7910400000000002,0.0,0.0,0.0,3.5820800000000004,3.4515800000000003,0.0,0.0,0.0,0.0,0.0,0.4755,0.0,0.0,34.64022
2020-05-16,20.4301,0.0,10.75268,0.0,9.67741,0.0,0.0,9.1476,0.0,2.079,7.6923,0.0,0.0,0.0,0.0,5.67164,1.49253,2.38805,0.0,4.77611,2.58868,0.0,0.0,1.34228,0.0,0.0,0.26915,0.0,0.0,12.470839999999999
2020-05-17,5.37634,5.37634,0.0,0.0,6.45161,0.0,0.0,6.6528,0.0,0.0,33.84615,0.0,0.0,0.0,0.0,0.0,0.0,0.0,0.0,26.26865,4.69798,0.0,0.0,0.0,0.0,0.0,0.39476,0.0,0.0,16.8132
2020-05-18,0.0,6.45161,0.0,0.0,6.45161,14.137210000000001,0.0,10.602910000000001,1.2474,0.0,22.30769,0.0,0.0,0.0,0.0,7.1641699999999995,0.0,0.0,0.0,8.65671,3.83509,0.0,0.0,0.0,0.0,0.0,1.27399,0.0,0.0,25.42616
2020-05-19,6.45161,13.978489999999999,0.0,0.0,5.37634,0.0,0.0,35.55093,0.0,0.0,33.07692,0.0,0.0,0.0,0.0,3.88059,0.0,0.0,2.98507,30.14925,3.64333,0.0,0.0,1.05465,0.0,0.0,0.45756,0.0,0.0,21.05688
2020-05-20,0.0,10.75268,0.0,0.0,0.0,0.0,0.0,10.395010000000001,0.0,0.0,23.84615,0.0,0.0,0.0,0.0,2.08955,0.0,0.0,0.0,5.373130000000001,24.25695,0.0,0.0,0.7670100000000001,0.0,0.0,0.4755,0.0,0.0,13.637170000000001
2020-05-21,0.0,5.37634,0.0,0.0,0.0,0.0,0.0,7.0686,0.0,0.0,21.53846,0.0,0.0,0.0,0.0,1.49253,0.0,0.0,2.38805,7.462680000000001,3.83509,0.0,0.0,1.15052,0.0,0.0,0.5383,0.0,0.0,10.16508
2020-05-22,0.0,0.0,0.0,0.0,13.978489999999999,0.0,0.0,37.00623,0.0,0.0,6.15384,0.0,0.0,0.0,0.0,2.08955,0.0,0.0,0.0,6.86567,6.2320199999999994,0.0,0.0,0.0,0.0,0.0,0.61905,0.0,0.07177,8.77444
2020-05-23,0.0,0.0,0.0,0.0,0.0,0.0,0.0,10.602910000000001,0.0,0.0,7.6923,0.0,0.0,0.0,0.0,0.0,0.0,0.0,0.0,5.373130000000001,2.30105,0.0,0.0,0.47938000000000003,0.0,0.0,0.29607,0.0,0.0,15.84424
2020-05-24,0.0,12.90322,0.0,0.0,0.0,0.0,0.0,7.6923,0.0,4.3659,21.53846,0.0,0.0,0.0,0.0,2.08955,0.0,0.0,0.0,5.67164,2.39693,0.0,0.0,0.0,0.0,0.0,0.56522,0.0628,0.0,14.857339999999999
2020-05-25,0.0,0.0,0.0,0.0,6.45161,0.0,0.0,5.1975,0.0,0.0,14.615379999999998,0.0,0.0,0.0,0.0,3.5820800000000004,1.7910400000000002,0.0,0.0,7.761189999999999,2.68456,0.0,0.0,1.2464,0.0,0.0,0.38578,0.0,0.0,12.32729
2020-05-26,0.0,6.45161,0.0,0.0,0.0,0.0,0.0,3.3264,0.0,0.0,16.923070000000003,0.0,0.0,0.0,0.0,6.26865,0.0,0.0,0.0,3.28358,1.43815,0.0,0.0,1.7257900000000002,0.0,0.0,0.60111,0.0,0.0,28.6919
2020-05-27,0.0,0.0,0.0,0.0,0.0,0.0,0.0,11.22661,0.0,0.0,6.92307,0.0,0.0,0.0,0.0,4.477609999999999,0.0,0.0,0.0,21.49253,2.30105,0.0,0.0,1.15052,0.0,0.0,0.86129,0.0,0.0,23.174229999999998
2020-05-28,0.0,0.0,0.0,0.0,0.0,0.0,0.0,4.5738,0.0,0.0,23.84615,0.0,0.0,0.0,0.0,2.98507,0.0,0.0,0.0,6.86567,4.41035,0.0,0.0,0.0,0.0,0.07177,0.51139,0.0,0.0,10.76619
2020-05-29,0.0,0.0,0.0,0.0,0.0,0.0,0.0,17.87941,0.0,0.0,8.46153,0.0,0.0,0.0,0.0,1.7910400000000002,0.0,0.0,0.0,6.26865,5.36912,0.0,0.0,0.0,0.0,0.0,0.27812,0.0,0.0,8.657810000000001
2020-05-30,0.0,7.52688,0.0,0.0,5.37634,1.4553,0.0,3.1185,0.0,1.4553,15.38461,0.0,0.0,0.0,0.0,2.08955,0.0,0.0,0.0,5.373130000000001,2.78044,0.0,0.0,0.0,0.0,0.0,0.34092,0.0,0.0,5.83168
2020-05-31,0.0,0.0,8.60215,0.0,0.0,0.0,0.0,17.46361,0.0,1.2474,16.15384,0.0,0.0,0.0,0.0,0.0,0.0,0.0,1.7910400000000002,4.77611,3.83509,0.0,0.0,1.15052,0.0,0.0,0.58316,0.0,0.0,4.90759
2020-06-01,6.45161,5.37634,0.0,0.0,8.60215,5.4054,0.0,17.87941,0.0,0.0,7.6923,0.0,0.0,0.0,0.0,0.0,0.0,0.0,0.0,4.477609999999999,4.88974,0.0,0.0,0.8628899999999999,0.0,0.0,0.55625,0.0,0.0,14.62408
2020-06-02,0.0,11.82795,0.0,0.0,0.0,0.0,1.4553,15.38461,0.0,0.0,13.84615,0.0,0.0,0.0,0.0,4.1791,2.38805,0.0,0.0,2.38805,3.64333,0.0,0.0,0.47938000000000003,0.0,0.0,1.15736,0.0,0.0,8.26305
2020-06-03,0.0,0.0,0.0,0.0,0.0,6.6528,0.0,9.9792,0.0,0.0,10.76923,0.0,0.0,0.0,0.0,2.08955,2.08955,0.0,0.0,26.26865,5.94439,0.0,0.0,0.47938000000000003,0.0,0.0,0.5383,0.0,0.0,6.54943
2020-06-04,0.0,5.37634,0.0,0.0,0.0,1.6632,0.0,7.6923,0.0,0.0,10.0,0.0,0.0,0.0,0.0,3.28358,0.0,0.0,0.0,4.1791,26.07861,0.0,0.0,0.0,0.0,0.0,0.48446999999999996,0.0,0.0,13.1527
2020-06-05,0.0,5.37634,0.0,0.0,0.0,0.0,0.0,26.81912,0.0,0.0,10.0,0.0,0.0,0.0,0.0,1.49253,0.0,0.0,0.0,4.77611,3.06807,0.0,0.0,0.0,0.0,0.0,0.49345,0.0,0.0,5.87654
2020-06-06,0.0,0.0,9.67741,0.0,0.0,0.0,0.0,7.0686,0.0,1.4553,6.92307,0.0,0.0,0.0,0.0,1.7910400000000002,0.0,2.68656,1.49253,4.477609999999999,2.58868,0.0,0.0,0.57526,0.0,0.0,0.49345,0.0,0.0,21.954060000000002
2020-06-07,0.0,0.0,0.0,0.0,0.0,0.0,0.0,4.5738,0.0,0.0,10.0,0.0,0.0,0.0,0.0,2.68656,0.0,0.0,0.0,2.08955,2.39693,0.0,0.0,0.0,0.0,0.0,0.69083,0.0,0.0,8.4066
2020-06-08,0.0,6.45161,0.0,0.0,0.0,0.0,0.0,6.8607,0.0,0.0,13.84615,0.0,0.0,0.0,0.0,1.7910400000000002,1.49253,0.0,0.0,4.77611,3.64333,0.0,0.0,0.0,0.0,0.0,1.03176,0.0,0.0,7.33895
2020-06-09,0.0,0.0,0.0,0.0,5.37634,0.0,0.0,4.7817,0.0,0.0,16.923070000000003,0.0,0.0,0.0,0.0,0.0,0.0,0.0,0.0,6.26865,8.53307,0.0,0.0,0.0,0.0,0.0,0.4755,0.0,0.0,6.36102
2020-06-10,0.0,8.60215,0.0,0.0,0.0,0.0,0.0,6.8607,0.0,0.0,10.76923,0.0,0.0,0.0,0.0,0.0,0.0,0.0,0.0,8.65671,4.88974,0.0,0.0,0.9587700000000001,0.0,0.0,0.43961000000000006,0.0,0.0,38.98259
2020-06-11,0.0,5.37634,0.0,8.60215,6.45161,0.0,0.0,32.43243,0.0,0.0,5.3846099999999995,0.0,0.0,0.0,0.0,2.08955,0.0,5.0746199999999995,0.0,2.08955,2.58868,0.0,0.0,0.0,0.0,0.0,0.50242,0.0,0.0,10.17405
2020-06-12,0.0,6.45161,0.0,0.0,0.0,0.0,0.0,4.7817,0.0,0.0,13.07692,0.0,0.0,0.0,0.0,2.38805,0.0,0.0,0.0,2.08955,2.78044,0.0,0.0,0.0,0.0,0.0,0.66391,0.0,0.0,8.33482
2020-06-13,0.0,7.52688,6.45161,0.0,7.52688,0.0,0.0,3.5343,0.0,0.0,11.53846,0.0,0.0,0.0,0.0,0.0,0.0,3.28358,1.49253,69.25373,1.7257900000000002,0.0,0.0,0.0,0.0,0.0,0.57419,0.0,0.0,6.89036
2020-06-14,0.0,0.0,0.0,0.0,8.60215,0.0,0.0,4.9896,0.0,0.0,16.923070000000003,0.0,0.0,0.0,0.0,2.68656,0.0,0.0,0.0,7.761189999999999,1.53403,0.0,0.0,0.0,0.0,0.0,0.29607,0.0,0.0,8.11053
2020-06-15,0.0,0.0,0.0,0.0,0.0,0.0,0.0,4.9896,0.0,0.0,13.84615,0.0,0.0,0.0,0.0,2.08955,0.0,0.0,0.0,7.761189999999999,4.02684,0.0,0.0,0.57526,0.0,0.0,0.8343799999999999,0.0,0.0,7.249230000000001
2020-06-16,0.0,0.0,0.0,0.0,6.45161,0.0,0.0,3.5343,0.0,0.0,10.76923,0.0,0.0,0.0,0.0,0.0,0.0,0.0,0.0,4.477609999999999,4.50623,0.0,0.0,0.47938000000000003,2.01342,0.0,0.43961000000000006,0.0,0.0,5.1588
2020-06-17,0.0,0.0,0.0,0.0,5.37634,0.0,0.0,54.26195,0.0,0.0,5.3846099999999995,0.0,0.0,0.0,0.0,2.68656,0.0,0.0,1.7910400000000002,16.71641,4.02684,0.0,0.0,0.0,0.0,0.0,0.8074600000000001,0.0,0.0,5.42795
2020-06-18,0.0,5.37634,0.0,0.0,0.0,0.0,0.0,8.1081,0.0,0.0,4.61538,0.0,0.0,0.0,0.0,6.56716,0.0,0.0,0.0,4.77611,3.06807,0.0,0.0,0.0,0.0,0.0,0.34092,0.0,0.0,4.799919999999999
2020-06-19,13.978489999999999,0.0,0.0,0.0,0.0,0.0,0.0,5.8212,0.0,0.0,4.61538,0.0,0.0,0.0,0.0,2.08955,0.0,0.0,0.0,16.1194,10.64237,0.0,0.0,0.0,0.0,0.0,1.00484,0.0,0.0,52.368559999999995
2020-06-20,0.0,8.60215,0.0,0.0,0.0,0.0,0.0,3.1185,0.0,1.8711,4.61538,0.0,0.0,0.0,0.0,0.0,0.0,0.0,1.49253,38.507459999999995,17.35378,0.0,0.0,0.0,0.0,0.0,0.58316,0.0,0.0,26.63735
2020-06-21,0.0,0.0,0.0,0.0,0.0,0.0,0.0,39.70893,0.0,0.0,18.46153,0.0,0.0,0.0,0.0,2.38805,0.0,0.0,0.0,10.14925,3.93096,0.0,0.0,0.0,0.0,0.0,0.44859,0.0,0.0,23.35366
2020-06-22,0.0,5.37634,0.0,47.311820000000004,0.0,0.0,0.0,8.1081,0.0,0.0,12.30769,0.0,0.0,0.0,0.0,0.0,0.0,0.0,0.0,10.746260000000001,2.1093,0.0,0.0,0.0,0.0,0.0,0.37681,0.0,0.0,18.508879999999998
2020-06-23,10.75268,0.0,0.0,10.75268,5.37634,0.0,0.0,6.237,0.0,0.0,8.46153,0.0,0.0,0.0,0.0,4.77611,0.0,0.0,0.0,4.77611,3.54745,0.0,0.0,1.05465,0.0,0.0,0.6459699999999999,0.0,0.0,11.16095
2020-06-24,47.311820000000004,6.45161,0.0,24.73118,0.0,0.0,0.0,9.3555,0.0,0.0,10.76923,0.0,0.0,0.0,0.0,0.0,0.0,0.0,0.0,28.3582,3.54745,0.0,0.0,0.0,0.0,0.0,0.38578,0.0,0.0,34.39799
2020-06-25,0.0,7.52688,0.0,0.0,0.0,0.0,0.0,11.434510000000001,0.0,0.0,9.23076,0.0,0.0,0.0,0.0,2.08955,0.0,0.0,0.0,36.1194,7.67018,0.0,0.0,0.0,0.0,0.0,0.58316,0.0,0.0,9.1692
2020-06-26,6.45161,5.37634,0.0,0.0,5.37634,0.0,0.0,5.6133,0.0,0.0,19.23076,0.0,0.0,0.0,0.0,4.477609999999999,1.49253,0.0,0.0,8.955219999999999,2.30105,0.0,0.0,0.47938000000000003,0.0,0.0,0.46653,0.0,0.0,7.8324
2020-06-27,0.0,0.0,0.0,23.655910000000002,6.45161,0.0,0.0,2.2869,0.0,0.0,17.6923,0.0,0.0,0.0,0.0,2.38805,0.0,0.0,2.08955,3.5820800000000004,2.1093,0.0,0.0,0.0,0.0,0.0,0.28709,0.0,0.0,10.08433
2020-06-28,12.90322,0.0,0.0,0.0,0.0,0.0,0.0,2.7027,0.0,0.0,4.61538,0.0,0.0,0.0,0.0,0.0,1.49253,0.0,0.0,6.56716,2.4928,0.0,0.0,0.0,0.0,0.0,0.50242,0.0,0.0,7.527360000000001
2020-06-29,0.0,5.37634,0.0,0.0,5.37634,0.0,0.0,1.8711,0.0,0.0,18.46153,0.0,0.0,0.0,0.0,0.0,0.0,0.0,1.7910400000000002,13.43283,3.73921,0.0,0.0,0.0,0.0,0.0,0.59214,0.0,0.0,24.95065
2020-06-30,0.0,5.37634,0.0,21.505370000000003,0.0,0.0,0.0,8.1081,0.0,0.0,4.61538,0.0,3.84615,0.0,0.0,0.0,0.0,0.0,0.0,2.98507,3.25982,0.0,0.0,0.0,0.0,0.0,0.5383,0.0,0.0,8.43351
